,Year,City,Population (in Lakhs) (2011)+,Type,Crime Rate
0,2014,Ahmedabad,63.5,Murder,1.2913385826771653
1,2015,Ahmedabad,63.5,Murder,1.4803149606299213
2,2016,Ahmedabad,63.5,Murder,1.6220472440944882
3,2017,Ahmedabad,63.5,Murder,1.4173228346456692
4,2018,Ahmedabad,63.5,Murder,1.5433070866141732
5,2019,Ahmedabad,63.5,Murder,1.2755905511811023
6,2020,Ahmedabad,63.5,Murder,1.1023622047244095
7,2021,Ahmedabad,63.5,Murder,1.5275590551181102
8,2014,Bengaluru,85.0,Murder,2.835294117647059
9,2015,Bengaluru,85.0,Murder,2.764705882352941
10,2016,Bengaluru,85.0,Murder,2.6941176470588237
11,2017,Bengaluru,85.0,Murder,2.764705882352941
12,2018,Bengaluru,85.0,Murder,2.5647058823529414
13,2019,Bengaluru,85.0,Murder,2.4
14,2020,Bengaluru,85.0,Murder,2.1058823529411765
15,2021,Bengaluru,85.0,Murder,1.8235294117647058
16,2014,Chennai,87.0,Murder,1.8505747126436782
17,2015,Chennai,87.0,Murder,1.7126436781609196
18,2016,Chennai,87.0,Murder,1.528735632183908
19,2017,Chennai,87.0,Murder,1.7701149425287357
20,2018,Chennai,87.0,Murder,1.9770114942528736
21,2019,Chennai,87.0,Murder,1.9770114942528736
22,2020,Chennai,87.0,Murder,1.7241379310344827
23,2021,Chennai,87.0,Murder,1.8505747126436782
24,2014,Coimbatore,21.5,Murder,0.9767441860465116
25,2015,Coimbatore,21.5,Murder,1.1627906976744187
26,2016,Coimbatore,21.5,Murder,1.255813953488372
27,2017,Coimbatore,21.5,Murder,0.9767441860465116
28,2018,Coimbatore,21.5,Murder,1.441860465116279
29,2019,Coimbatore,21.5,Murder,1.813953488372093
30,2020,Coimbatore,21.5,Murder,1.441860465116279
31,2021,Coimbatore,21.5,Murder,1.3953488372093024
32,2014,Delhi,163.1,Murder,2.8939301042305337
33,2015,Delhi,163.1,Murder,2.942979767014102
34,2016,Delhi,163.1,Murder,2.936848559166156
35,2017,Delhi,163.1,Murder,2.452483139178418
36,2018,Delhi,163.1,Murder,2.550582464745555
37,2019,Delhi,163.1,Murder,3.096259963212753
38,2020,Delhi,163.1,Murder,2.826486817903127
39,2021,Delhi,163.1,Murder,2.7835683629675048
40,2014,Ghaziabad,23.6,Murder,3.0932203389830506
41,2015,Ghaziabad,23.6,Murder,2.754237288135593
42,2016,Ghaziabad,23.6,Murder,2.5
43,2017,Ghaziabad,23.6,Murder,2.2033898305084745
44,2018,Ghaziabad,23.6,Murder,2.2033898305084745
45,2019,Ghaziabad,23.6,Murder,2.0338983050847457
46,2020,Ghaziabad,23.6,Murder,0.9745762711864406
47,2021,Ghaziabad,23.6,Murder,1.059322033898305
48,2014,Hyderabad,77.5,Murder,1.5225806451612902
49,2015,Hyderabad,77.5,Murder,1.2258064516129032
50,2016,Hyderabad,77.5,Murder,1.1096774193548387
51,2017,Hyderabad,77.5,Murder,0.8258064516129032
52,2018,Hyderabad,77.5,Murder,1.0451612903225806
53,2019,Hyderabad,77.5,Murder,1.1096774193548387
54,2020,Hyderabad,77.5,Murder,0.9161290322580645
55,2021,Hyderabad,77.5,Murder,1.264516129032258
56,2014,Indore,21.7,Murder,4.055299539170507
57,2015,Indore,21.7,Murder,2.8110599078341014
58,2016,Indore,21.7,Murder,2.672811059907834
59,2017,Indore,21.7,Murder,2.9493087557603688
60,2018,Indore,21.7,Murder,2.6267281105990783
61,2019,Indore,21.7,Murder,2.6267281105990783
62,2020,Indore,21.7,Murder,2.903225806451613
63,2021,Indore,21.7,Murder,2.488479262672811
64,2014,Jaipur,30.7,Murder,3.5179153094462543
65,2015,Jaipur,30.7,Murder,2.9315960912052117
66,2016,Jaipur,30.7,Murder,3.1596091205211727
67,2017,Jaipur,30.7,Murder,2.9315960912052117
68,2018,Jaipur,30.7,Murder,3.1270358306188926
69,2019,Jaipur,30.7,Murder,3.029315960912052
70,2020,Jaipur,30.7,Murder,3.0944625407166124
71,2021,Jaipur,30.7,Murder,3.8436482084690553
72,2014,Kanpur,29.2,Murder,1.9178082191780823
73,2015,Kanpur,29.2,Murder,2.0205479452054793
74,2016,Kanpur,29.2,Murder,2.363013698630137
75,2017,Kanpur,29.2,Murder,1.7465753424657535
76,2018,Kanpur,29.2,Murder,1.7465753424657535
77,2019,Kanpur,29.2,Murder,1.815068493150685
78,2020,Kanpur,29.2,Murder,1.404109589041096
79,2021,Kanpur,29.2,Murder,1.6438356164383563
80,2014,Kochi,21.2,Murder,0.6132075471698113
81,2015,Kochi,21.2,Murder,0.5660377358490566
82,2016,Kochi,21.2,Murder,0.4716981132075472
83,2017,Kochi,21.2,Murder,0.5188679245283019
84,2018,Kochi,21.2,Murder,0.5660377358490566
85,2019,Kochi,21.2,Murder,1.0377358490566038
86,2020,Kochi,21.2,Murder,0.42452830188679247
87,2021,Kochi,21.2,Murder,0.4716981132075472
88,2014,Kolkata,141.1,Murder,0.5244507441530829
89,2015,Kolkata,141.1,Murder,0.4606661941885188
90,2016,Kolkata,141.1,Murder,0.5527994330262226
91,2017,Kolkata,141.1,Murder,0.4535790219702339
92,2018,Kolkata,141.1,Murder,0.38979447200566975
93,2019,Kolkata,141.1,Murder,0.35435861091424525
94,2020,Kolkata,141.1,Murder,0.37562012756909996
95,2021,Kolkata,141.1,Murder,0.3189227498228207
96,2014,Kozhikode,20.3,Murder,0.3940886699507389
97,2015,Kozhikode,20.3,Murder,0.19704433497536944
98,2016,Kozhikode,20.3,Murder,0.14778325123152708
99,2017,Kozhikode,20.3,Murder,0.3448275862068965
100,2018,Kozhikode,20.3,Murder,0.3940886699507389
101,2019,Kozhikode,20.3,Murder,0.3448275862068965
102,2020,Kozhikode,20.3,Murder,0.24630541871921183
103,2021,Kozhikode,20.3,Murder,0.24630541871921183
104,2014,Lucknow,29.0,Murder,3.689655172413793
105,2015,Lucknow,29.0,Murder,3.413793103448276
106,2016,Lucknow,29.0,Murder,3.3448275862068964
107,2017,Lucknow,29.0,Murder,2.7241379310344827
108,2018,Lucknow,29.0,Murder,2.896551724137931
109,2019,Lucknow,29.0,Murder,2.586206896551724
110,2020,Lucknow,29.0,Murder,2.793103448275862
111,2021,Lucknow,29.0,Murder,3.4827586206896552
112,2014,Mumbai,184.1,Murder,0.9940249864204237
113,2015,Mumbai,184.1,Murder,0.8690928843020098
114,2016,Mumbai,184.1,Murder,0.7984790874524715
115,2017,Mumbai,184.1,Murder,0.6898424769147203
116,2018,Mumbai,184.1,Murder,0.8908202064095601
117,2019,Mumbai,184.1,Murder,0.9125475285171103
118,2020,Mumbai,184.1,Murder,0.8039109179793591
119,2021,Mumbai,184.1,Murder,0.8799565453557849
120,2014,Nagpur,25.0,Murder,4.12
121,2015,Nagpur,25.0,Murder,3.52
122,2016,Nagpur,25.0,Murder,3.68
123,2017,Nagpur,25.0,Murder,3.4
124,2018,Nagpur,25.0,Murder,2.88
125,2019,Nagpur,25.0,Murder,3.6
126,2020,Nagpur,25.0,Murder,3.88
127,2021,Nagpur,25.0,Murder,3.8
128,2014,Patna,20.5,Murder,10.0
129,2015,Patna,20.5,Murder,9.268292682926829
130,2016,Patna,20.5,Murder,9.512195121951219
131,2017,Patna,20.5,Murder,8.926829268292684
132,2018,Patna,20.5,Murder,4.439024390243903
133,2019,Patna,20.5,Murder,4.682926829268292
134,2020,Patna,20.5,Murder,3.8536585365853657
135,2021,Patna,20.5,Murder,3.707317073170732
136,2014,Pune,50.5,Murder,2.732673267326733
137,2015,Pune,50.5,Murder,2.4752475247524752
138,2016,Pune,50.5,Murder,2.5742574257425743
139,2017,Pune,50.5,Murder,2.1782178217821784
140,2018,Pune,50.5,Murder,1.4455445544554455
141,2019,Pune,50.5,Murder,1.4653465346534653
142,2020,Pune,50.5,Murder,1.5247524752475248
143,2021,Pune,50.5,Murder,1.9801980198019802
144,2014,Surat,45.8,Murder,1.8558951965065504
145,2015,Surat,45.8,Murder,1.9650655021834063
146,2016,Surat,45.8,Murder,2.2270742358078603
147,2017,Surat,45.8,Murder,1.9432314410480351
148,2018,Surat,45.8,Murder,2.3580786026200875
149,2019,Surat,45.8,Murder,2.1179039301310043
150,2020,Surat,45.8,Murder,2.532751091703057
151,2021,Surat,45.8,Murder,2.641921397379913
0,2014,Ahmedabad,63.5,Kidnapping,5.7795275590551185
1,2015,Ahmedabad,63.5,Kidnapping,5.228346456692913
2,2016,Ahmedabad,63.5,Kidnapping,5.921259842519685
3,2017,Ahmedabad,63.5,Kidnapping,4.141732283464567
4,2018,Ahmedabad,63.5,Kidnapping,4.362204724409449
5,2019,Ahmedabad,63.5,Kidnapping,3.905511811023622
6,2020,Ahmedabad,63.5,Kidnapping,2.8503937007874014
7,2021,Ahmedabad,63.5,Kidnapping,2.8818897637795278
8,2014,Bengaluru,85.0,Kidnapping,8.329411764705883
9,2015,Bengaluru,85.0,Kidnapping,9.141176470588235
10,2016,Bengaluru,85.0,Kidnapping,11.458823529411765
11,2017,Bengaluru,85.0,Kidnapping,12.352941176470589
12,2018,Bengaluru,85.0,Kidnapping,12.823529411764707
13,2019,Bengaluru,85.0,Kidnapping,12.388235294117647
14,2020,Bengaluru,85.0,Kidnapping,8.376470588235295
15,2021,Bengaluru,85.0,Kidnapping,9.541176470588235
16,2014,Chennai,87.0,Kidnapping,0.41379310344827586
17,2015,Chennai,87.0,Kidnapping,0.42528735632183906
18,2016,Chennai,87.0,Kidnapping,0.39080459770114945
19,2017,Chennai,87.0,Kidnapping,0.6206896551724138
20,2018,Chennai,87.0,Kidnapping,0.6436781609195402
21,2019,Chennai,87.0,Kidnapping,0.5632183908045977
22,2020,Chennai,87.0,Kidnapping,0.42528735632183906
23,2021,Chennai,87.0,Kidnapping,0.8160919540229885
24,2014,Coimbatore,21.5,Kidnapping,0.6511627906976745
25,2015,Coimbatore,21.5,Kidnapping,0.46511627906976744
26,2016,Coimbatore,21.5,Kidnapping,0.37209302325581395
27,2017,Coimbatore,21.5,Kidnapping,0.23255813953488372
28,2018,Coimbatore,21.5,Kidnapping,0.46511627906976744
29,2019,Coimbatore,21.5,Kidnapping,0.32558139534883723
30,2020,Coimbatore,21.5,Kidnapping,0.18604651162790697
31,2021,Coimbatore,21.5,Kidnapping,0.5116279069767442
32,2014,Delhi,163.1,Kidnapping,36.88534641324341
33,2015,Delhi,163.1,Kidnapping,40.64990803188228
34,2016,Delhi,163.1,Kidnapping,36.32740649908032
35,2017,Delhi,163.1,Kidnapping,31.900674432863276
36,2018,Delhi,163.1,Kidnapping,31.416309012875537
37,2019,Delhi,163.1,Kidnapping,35.229920294297976
38,2020,Delhi,163.1,Kidnapping,24.59227467811159
39,2021,Delhi,163.1,Kidnapping,33.5683629675046
40,2014,Ghaziabad,23.6,Kidnapping,11.694915254237287
41,2015,Ghaziabad,23.6,Kidnapping,13.347457627118644
42,2016,Ghaziabad,23.6,Kidnapping,15.59322033898305
43,2017,Ghaziabad,23.6,Kidnapping,22.54237288135593
44,2018,Ghaziabad,23.6,Kidnapping,23.177966101694913
45,2019,Ghaziabad,23.6,Kidnapping,17.28813559322034
46,2020,Ghaziabad,23.6,Kidnapping,3.3050847457627115
47,2021,Ghaziabad,23.6,Kidnapping,2.11864406779661
48,2014,Hyderabad,77.5,Kidnapping,4.825806451612904
49,2015,Hyderabad,77.5,Kidnapping,4.283870967741936
50,2016,Hyderabad,77.5,Kidnapping,4.632258064516129
51,2017,Hyderabad,77.5,Kidnapping,4.4
52,2018,Hyderabad,77.5,Kidnapping,5.303225806451613
53,2019,Hyderabad,77.5,Kidnapping,6.696774193548387
54,2020,Hyderabad,77.5,Kidnapping,5.819354838709677
55,2021,Hyderabad,77.5,Kidnapping,6.619354838709677
56,2014,Indore,21.7,Kidnapping,20.23041474654378
57,2015,Indore,21.7,Kidnapping,20.87557603686636
58,2016,Indore,21.7,Kidnapping,17.649769585253456
59,2017,Indore,21.7,Kidnapping,30.829493087557605
60,2018,Indore,21.7,Kidnapping,24.101382488479263
61,2019,Indore,21.7,Kidnapping,26.95852534562212
62,2020,Indore,21.7,Kidnapping,21.474654377880185
63,2021,Indore,21.7,Kidnapping,31.981566820276498
64,2014,Jaipur,30.7,Kidnapping,21.270358306188925
65,2015,Jaipur,30.7,Kidnapping,20.521172638436482
66,2016,Jaipur,30.7,Kidnapping,18.534201954397396
67,2017,Jaipur,30.7,Kidnapping,16.938110749185668
68,2018,Jaipur,30.7,Kidnapping,17.49185667752443
69,2019,Jaipur,30.7,Kidnapping,27.00325732899023
70,2020,Jaipur,30.7,Kidnapping,17.32899022801303
71,2021,Jaipur,30.7,Kidnapping,19.96742671009772
72,2014,Kanpur,29.2,Kidnapping,7.979452054794521
73,2015,Kanpur,29.2,Kidnapping,8.86986301369863
74,2016,Kanpur,29.2,Kidnapping,14.006849315068493
75,2017,Kanpur,29.2,Kidnapping,18.527397260273972
76,2018,Kanpur,29.2,Kidnapping,18.527397260273972
77,2019,Kanpur,29.2,Kidnapping,10.0
78,2020,Kanpur,29.2,Kidnapping,7.636986301369864
79,2021,Kanpur,29.2,Kidnapping,5.205479452054795
80,2014,Kochi,21.2,Kidnapping,0.18867924528301888
81,2015,Kochi,21.2,Kidnapping,0.6132075471698113
82,2016,Kochi,21.2,Kidnapping,0.6603773584905661
83,2017,Kochi,21.2,Kidnapping,0.8962264150943396
84,2018,Kochi,21.2,Kidnapping,0.5188679245283019
85,2019,Kochi,21.2,Kidnapping,0.9905660377358491
86,2020,Kochi,21.2,Kidnapping,0.7075471698113208
87,2021,Kochi,21.2,Kidnapping,0.6132075471698113
88,2014,Kolkata,141.1,Kidnapping,2.430900070871722
89,2015,Kolkata,141.1,Kidnapping,2.2111977321048903
90,2016,Kolkata,141.1,Kidnapping,2.0552799433026223
91,2017,Kolkata,141.1,Kidnapping,2.6506024096385543
92,2018,Kolkata,141.1,Kidnapping,2.678951098511694
93,2019,Kolkata,141.1,Kidnapping,1.559177888022679
94,2020,Kolkata,141.1,Kidnapping,2.1828490432317507
95,2021,Kolkata,141.1,Kidnapping,2.452161587526577
96,2014,Kozhikode,20.3,Kidnapping,0.09852216748768472
97,2015,Kozhikode,20.3,Kidnapping,0.49261083743842365
98,2016,Kozhikode,20.3,Kidnapping,0.3448275862068965
99,2017,Kozhikode,20.3,Kidnapping,0.6403940886699507
100,2018,Kozhikode,20.3,Kidnapping,0.9359605911330049
101,2019,Kozhikode,20.3,Kidnapping,1.3300492610837438
102,2020,Kozhikode,20.3,Kidnapping,0.5911330049261083
103,2021,Kozhikode,20.3,Kidnapping,1.0344827586206897
104,2014,Lucknow,29.0,Kidnapping,12.0
105,2015,Lucknow,29.0,Kidnapping,9.827586206896552
106,2016,Lucknow,29.0,Kidnapping,31.862068965517242
107,2017,Lucknow,29.0,Kidnapping,23.586206896551722
108,2018,Lucknow,29.0,Kidnapping,38.3448275862069
109,2019,Lucknow,29.0,Kidnapping,9.275862068965518
110,2020,Lucknow,29.0,Kidnapping,25.344827586206897
111,2021,Lucknow,29.0,Kidnapping,26.655172413793103
112,2014,Mumbai,184.1,Kidnapping,2.9386203150461707
113,2015,Mumbai,184.1,Kidnapping,8.598587724063009
114,2016,Mumbai,184.1,Kidnapping,10.586637696903857
115,2017,Mumbai,184.1,Kidnapping,11.727322107550245
116,2018,Mumbai,184.1,Kidnapping,11.96089082020641
117,2019,Mumbai,184.1,Kidnapping,11.417707767517653
118,2020,Mumbai,184.1,Kidnapping,6.3715372080391095
119,2021,Mumbai,184.1,Kidnapping,8.636610537751222
120,2014,Nagpur,25.0,Kidnapping,5.8
121,2015,Nagpur,25.0,Kidnapping,14.2
122,2016,Nagpur,25.0,Kidnapping,20.36
123,2017,Nagpur,25.0,Kidnapping,19.76
124,2018,Nagpur,25.0,Kidnapping,19.92
125,2019,Nagpur,25.0,Kidnapping,21.44
126,2020,Nagpur,25.0,Kidnapping,13.36
127,2021,Nagpur,25.0,Kidnapping,16.6
128,2014,Patna,20.5,Kidnapping,29.21951219512195
129,2015,Patna,20.5,Kidnapping,42.390243902439025
130,2016,Patna,20.5,Kidnapping,40.09756097560975
131,2017,Patna,20.5,Kidnapping,26.4390243902439
132,2018,Patna,20.5,Kidnapping,39.31707317073171
133,2019,Patna,20.5,Kidnapping,38.78048780487805
134,2020,Patna,20.5,Kidnapping,20.829268292682926
135,2021,Patna,20.5,Kidnapping,26.78048780487805
136,2014,Pune,50.5,Kidnapping,4.514851485148514
137,2015,Pune,50.5,Kidnapping,14.0
138,2016,Pune,50.5,Kidnapping,16.85148514851485
139,2017,Pune,50.5,Kidnapping,19.08910891089109
140,2018,Pune,50.5,Kidnapping,12.594059405940595
141,2019,Pune,50.5,Kidnapping,12.970297029702971
142,2020,Pune,50.5,Kidnapping,8.613861386138614
143,2021,Pune,50.5,Kidnapping,11.306930693069306
144,2014,Surat,45.8,Kidnapping,5.742358078602621
145,2015,Surat,45.8,Kidnapping,5.393013100436682
146,2016,Surat,45.8,Kidnapping,5.895196506550219
147,2017,Surat,45.8,Kidnapping,7.248908296943232
148,2018,Surat,45.8,Kidnapping,8.14410480349345
149,2019,Surat,45.8,Kidnapping,7.816593886462883
150,2020,Surat,45.8,Kidnapping,3.5589519650655026
151,2021,Surat,45.8,Kidnapping,5.895196506550219
0,2014,Ahmedabad,63.5,Crime against women,21.590551181102363
1,2015,Ahmedabad,63.5,Crime against women,16.80314960629921
2,2016,Ahmedabad,63.5,Crime against women,17.73228346456693
3,2017,Ahmedabad,63.5,Crime against women,22.125984251968504
4,2018,Ahmedabad,63.5,Crime against women,22.299212598425196
5,2019,Ahmedabad,63.5,Crime against women,25.716535433070867
6,2020,Ahmedabad,63.5,Crime against women,24.0
7,2021,Ahmedabad,63.5,Crime against women,24.47244094488189
8,2014,Bengaluru,85.0,Crime against women,36.470588235294116
9,2015,Bengaluru,85.0,Crime against women,36.576470588235296
10,2016,Bengaluru,85.0,Crime against women,40.141176470588235
11,2017,Bengaluru,85.0,Crime against women,41.94117647058823
12,2018,Bengaluru,85.0,Crime against women,40.31764705882353
13,2019,Bengaluru,85.0,Crime against women,41.01176470588236
14,2020,Bengaluru,85.0,Crime against women,32.11764705882353
15,2021,Bengaluru,85.0,Crime against women,36.78823529411765
16,2014,Chennai,87.0,Crime against women,10.413793103448276
17,2015,Chennai,87.0,Crime against women,6.126436781609195
18,2016,Chennai,87.0,Crime against women,6.252873563218391
19,2017,Chennai,87.0,Crime against women,7.379310344827586
20,2018,Chennai,87.0,Crime against women,8.74712643678161
21,2019,Chennai,87.0,Crime against women,8.310344827586206
22,2020,Chennai,87.0,Crime against women,6.620689655172414
23,2021,Chennai,87.0,Crime against women,10.045977011494253
24,2014,Coimbatore,21.5,Crime against women,4.883720930232558
25,2015,Coimbatore,21.5,Crime against women,5.069767441860465
26,2016,Coimbatore,21.5,Crime against women,4.744186046511628
27,2017,Coimbatore,21.5,Crime against women,3.5348837209302326
28,2018,Coimbatore,21.5,Crime against women,4.976744186046512
29,2019,Coimbatore,21.5,Crime against women,3.953488372093023
30,2020,Coimbatore,21.5,Crime against women,4.511627906976744
31,2021,Coimbatore,21.5,Crime against women,8.837209302325581
32,2014,Delhi,163.1,Crime against women,81.29981606376457
33,2015,Delhi,163.1,Crime against women,82.78356836296751
34,2016,Delhi,163.1,Crime against women,84.62906192519927
35,2017,Delhi,163.1,Crime against women,70.76640098099325
36,2018,Delhi,163.1,Crime against women,71.88228080931944
37,2019,Delhi,163.1,Crime against women,79.10484365419988
38,2020,Delhi,163.1,Crime against women,59.97547516860822
39,2021,Delhi,163.1,Crime against women,85.72654812998161
40,2014,Ghaziabad,23.6,Crime against women,43.516949152542374
41,2015,Ghaziabad,23.6,Crime against women,38.30508474576271
42,2016,Ghaziabad,23.6,Crime against women,43.6864406779661
43,2017,Ghaziabad,23.6,Crime against women,49.40677966101695
44,2018,Ghaziabad,23.6,Crime against women,47.79661016949152
45,2019,Ghaziabad,23.6,Crime against women,33.601694915254235
46,2020,Ghaziabad,23.6,Crime against women,14.44915254237288
47,2021,Ghaziabad,23.6,Crime against women,25.04237288135593
48,2014,Hyderabad,77.5,Crime against women,27.45806451612903
49,2015,Hyderabad,77.5,Crime against women,31.612903225806452
50,2016,Hyderabad,77.5,Crime against women,31.212903225806453
51,2017,Hyderabad,77.5,Crime against women,29.316129032258065
52,2018,Hyderabad,77.5,Crime against women,30.09032258064516
53,2019,Hyderabad,77.5,Crime against women,35.54838709677419
54,2020,Hyderabad,77.5,Crime against women,30.838709677419356
55,2021,Hyderabad,77.5,Crime against women,39.354838709677416
56,2014,Indore,21.7,Crime against women,43.364055299539174
57,2015,Indore,21.7,Crime against women,42.8110599078341
58,2016,Indore,21.7,Crime against women,48.61751152073733
59,2017,Indore,21.7,Crime against women,62.16589861751152
60,2018,Indore,21.7,Crime against women,73.41013824884793
61,2019,Indore,21.7,Crime against women,80.87557603686636
62,2020,Indore,21.7,Crime against women,62.02764976958525
63,2021,Indore,21.7,Crime against women,82.67281105990784
64,2014,Jaipur,30.7,Crime against women,79.08794788273616
65,2015,Jaipur,30.7,Crime against women,71.69381107491857
66,2016,Jaipur,30.7,Crime against women,68.07817589576547
67,2017,Jaipur,30.7,Crime against women,60.4885993485342
68,2018,Jaipur,30.7,Crime against women,66.12377850162866
69,2019,Jaipur,30.7,Crime against women,111.30293159609121
70,2020,Jaipur,30.7,Crime against women,77.16612377850163
71,2021,Jaipur,30.7,Crime against women,92.08469055374593
72,2014,Kanpur,29.2,Crime against women,29.417808219178085
73,2015,Kanpur,29.2,Crime against women,27.97945205479452
74,2016,Kanpur,29.2,Crime against women,35.95890410958904
75,2017,Kanpur,29.2,Crime against women,53.9041095890411
76,2018,Kanpur,29.2,Crime against women,53.9041095890411
77,2019,Kanpur,29.2,Crime against women,45.034246575342465
78,2020,Kanpur,29.2,Crime against women,36.16438356164384
79,2021,Kanpur,29.2,Crime against women,30.616438356164384
80,2014,Kochi,21.2,Crime against women,21.88679245283019
81,2015,Kochi,21.2,Crime against women,19.245283018867926
82,2016,Kochi,21.2,Crime against women,18.49056603773585
83,2017,Kochi,21.2,Crime against women,25.235849056603776
84,2018,Kochi,21.2,Crime against women,25.330188679245285
85,2019,Kochi,21.2,Crime against women,23.20754716981132
86,2020,Kochi,21.2,Crime against women,19.00943396226415
87,2021,Kochi,21.2,Crime against women,25.047169811320757
88,2014,Kolkata,141.1,Crime against women,16.67611622962438
89,2015,Kolkata,141.1,Crime against women,13.656980864635011
90,2016,Kolkata,141.1,Crime against women,11.998582565556344
91,2017,Kolkata,141.1,Crime against women,13.997165131112686
92,2018,Kolkata,141.1,Crime against women,15.421686746987952
93,2019,Kolkata,141.1,Crime against women,10.446491849751949
94,2020,Kolkata,141.1,Crime against women,14.181431608788094
95,2021,Kolkata,141.1,Crime against women,12.636428065201985
96,2014,Kozhikode,20.3,Crime against women,16.89655172413793
97,2015,Kozhikode,20.3,Crime against women,17.88177339901478
98,2016,Kozhikode,20.3,Crime against women,17.339901477832512
99,2017,Kozhikode,20.3,Crime against women,17.0935960591133
100,2018,Kozhikode,20.3,Crime against women,17.192118226600986
101,2019,Kozhikode,20.3,Crime against women,23.300492610837438
102,2020,Kozhikode,20.3,Crime against women,19.40886699507389
103,2021,Kozhikode,20.3,Crime against women,31.133004926108374
104,2014,Lucknow,29.0,Crime against women,43.44827586206897
105,2015,Lucknow,29.0,Crime against women,50.37931034482759
106,2016,Lucknow,29.0,Crime against women,76.03448275862068
107,2017,Lucknow,29.0,Crime against women,85.10344827586206
108,2018,Lucknow,29.0,Crime against women,94.34482758620689
109,2019,Lucknow,29.0,Crime against women,83.62068965517241
110,2020,Lucknow,29.0,Crime against women,90.89655172413794
111,2021,Lucknow,29.0,Crime against women,74.51724137931035
112,2014,Mumbai,184.1,Crime against women,21.58609451385117
113,2015,Mumbai,184.1,Crime against women,26.175991309071158
114,2016,Mumbai,184.1,Crime against women,27.854426941879414
115,2017,Mumbai,184.1,Crime against women,29.619771863117872
116,2018,Mumbai,184.1,Crime against women,32.906029331884845
117,2019,Mumbai,184.1,Crime against women,35.410103204780015
118,2020,Mumbai,184.1,Crime against women,24.894079304725693
119,2021,Mumbai,184.1,Crime against women,30.10863661053775
120,2014,Nagpur,25.0,Crime against women,32.56
121,2015,Nagpur,25.0,Crime against women,52.48
122,2016,Nagpur,25.0,Crime against women,55.16
123,2017,Nagpur,25.0,Crime against women,46.08
124,2018,Nagpur,25.0,Crime against women,43.32
125,2019,Nagpur,25.0,Crime against women,45.76
126,2020,Nagpur,25.0,Crime against women,36.8
127,2021,Nagpur,25.0,Crime against women,46.24
128,2014,Patna,20.5,Crime against women,50.292682926829265
129,2015,Patna,20.5,Crime against women,65.36585365853658
130,2016,Patna,20.5,Crime against women,62.63414634146341
131,2017,Patna,20.5,Crime against women,42.4390243902439
132,2018,Patna,20.5,Crime against women,46.63414634146341
133,2019,Patna,20.5,Crime against women,47.853658536585364
134,2020,Patna,20.5,Crime against women,24.146341463414632
135,2021,Patna,20.5,Crime against women,23.75609756097561
136,2014,Pune,50.5,Crime against women,26.277227722772277
137,2015,Pune,50.5,Crime against women,39.28712871287129
138,2016,Pune,50.5,Crime against women,42.198019801980195
139,2017,Pune,50.5,Crime against women,40.23762376237624
140,2018,Pune,50.5,Crime against women,29.326732673267326
141,2019,Pune,50.5,Crime against women,27.524752475247524
142,2020,Pune,50.5,Crime against women,20.89108910891089
143,2021,Pune,50.5,Crime against women,32.0
144,2014,Surat,45.8,Crime against women,15.1528384279476
145,2015,Surat,45.8,Crime against women,10.960698689956333
146,2016,Surat,45.8,Crime against women,12.336244541484717
147,2017,Surat,45.8,Crime against women,12.20524017467249
148,2018,Surat,45.8,Crime against women,15.545851528384281
149,2019,Surat,45.8,Crime against women,22.16157205240175
150,2020,Surat,45.8,Crime against women,13.820960698689957
151,2021,Surat,45.8,Crime against women,13.580786026200874
0,2014,Ahmedabad,63.5,Crime against children,6.881889763779528
1,2015,Ahmedabad,63.5,Crime against children,9.590551181102363
2,2016,Ahmedabad,63.5,Crime against children,7.574803149606299
3,2017,Ahmedabad,63.5,Crime against children,9.448818897637794
4,2018,Ahmedabad,63.5,Crime against children,11.543307086614174
5,2019,Ahmedabad,63.5,Crime against children,12.141732283464567
6,2020,Ahmedabad,63.5,Crime against children,9.496062992125983
7,2021,Ahmedabad,63.5,Crime against children,10.881889763779528
8,2014,Bengaluru,85.0,Crime against children,12.505882352941176
9,2015,Bengaluru,85.0,Crime against children,12.776470588235295
10,2016,Bengaluru,85.0,Crime against children,15.68235294117647
11,2017,Bengaluru,85.0,Crime against children,18.611764705882354
12,2018,Bengaluru,85.0,Crime against children,21.352941176470587
13,2019,Bengaluru,85.0,Crime against children,17.50588235294118
14,2020,Bengaluru,85.0,Crime against children,12.976470588235294
15,2021,Bengaluru,85.0,Crime against children,15.788235294117648
16,2014,Chennai,87.0,Crime against children,2.3563218390804597
17,2015,Chennai,87.0,Crime against children,2.2298850574712645
18,2016,Chennai,87.0,Crime against children,2.6436781609195403
19,2017,Chennai,87.0,Crime against children,2.8620689655172415
20,2018,Chennai,87.0,Crime against children,8.908045977011493
21,2019,Chennai,87.0,Crime against children,8.402298850574713
22,2020,Chennai,87.0,Crime against children,3.5172413793103448
23,2021,Chennai,87.0,Crime against children,6.275862068965517
24,2014,Coimbatore,21.5,Crime against children,1.0232558139534884
25,2015,Coimbatore,21.5,Crime against children,1.7674418604651163
26,2016,Coimbatore,21.5,Crime against children,3.2093023255813953
27,2017,Coimbatore,21.5,Crime against children,1.4883720930232558
28,2018,Coimbatore,21.5,Crime against children,1.813953488372093
29,2019,Coimbatore,21.5,Crime against children,2.0930232558139537
30,2020,Coimbatore,21.5,Crime against children,5.162790697674419
31,2021,Coimbatore,21.5,Crime against children,4.930232558139535
32,2014,Delhi,163.1,Crime against children,49.901900674432866
33,2015,Delhi,163.1,Crime against children,49.264255058246476
34,2016,Delhi,163.1,Crime against children,45.32188841201717
35,2017,Delhi,163.1,Crime against children,41.96198651134274
36,2018,Delhi,163.1,Crime against children,42.017167381974254
37,2019,Delhi,163.1,Crime against children,46.382587369711835
38,2020,Delhi,163.1,Crime against children,32.225628448804414
39,2021,Delhi,163.1,Crime against children,43.09625996321275
40,2014,Ghaziabad,23.6,Crime against children,8.09322033898305
41,2015,Ghaziabad,23.6,Crime against children,7.627118644067796
42,2016,Ghaziabad,23.6,Crime against children,5.508474576271186
43,2017,Ghaziabad,23.6,Crime against children,1.7796610169491525
44,2018,Ghaziabad,23.6,Crime against children,3.601694915254237
45,2019,Ghaziabad,23.6,Crime against children,21.22881355932203
46,2020,Ghaziabad,23.6,Crime against children,5.932203389830508
47,2021,Ghaziabad,23.6,Crime against children,5.762711864406779
48,2014,Hyderabad,77.5,Crime against children,5.974193548387097
49,2015,Hyderabad,77.5,Crime against children,6.2709677419354835
50,2016,Hyderabad,77.5,Crime against children,5.290322580645161
51,2017,Hyderabad,77.5,Crime against children,4.967741935483871
52,2018,Hyderabad,77.5,Crime against children,6.335483870967742
53,2019,Hyderabad,77.5,Crime against children,6.529032258064516
54,2020,Hyderabad,77.5,Crime against children,6.025806451612903
55,2021,Hyderabad,77.5,Crime against children,8.012903225806452
56,2014,Indore,21.7,Crime against children,33.64055299539171
57,2015,Indore,21.7,Crime against children,22.027649769585253
58,2016,Indore,21.7,Crime against children,29.078341013824886
59,2017,Indore,21.7,Crime against children,36.036866359447004
60,2018,Indore,21.7,Crime against children,44.331797235023046
61,2019,Indore,21.7,Crime against children,44.56221198156682
62,2020,Indore,21.7,Crime against children,35.34562211981567
63,2021,Indore,21.7,Crime against children,49.815668202764975
64,2014,Jaipur,30.7,Crime against children,21.042345276872965
65,2015,Jaipur,30.7,Crime against children,24.332247557003257
66,2016,Jaipur,30.7,Crime against children,22.768729641693813
67,2017,Jaipur,30.7,Crime against children,22.11726384364821
68,2018,Jaipur,30.7,Crime against children,20.03257328990228
69,2019,Jaipur,30.7,Crime against children,29.64169381107492
70,2020,Jaipur,30.7,Crime against children,22.508143322475572
71,2021,Jaipur,30.7,Crime against children,23.713355048859935
72,2014,Kanpur,29.2,Crime against children,5.034246575342466
73,2015,Kanpur,29.2,Crime against children,5.136986301369864
74,2016,Kanpur,29.2,Crime against children,6.472602739726027
75,2017,Kanpur,29.2,Crime against children,10.376712328767123
76,2018,Kanpur,29.2,Crime against children,10.376712328767123
77,2019,Kanpur,29.2,Crime against children,9.452054794520548
78,2020,Kanpur,29.2,Crime against children,7.02054794520548
79,2021,Kanpur,29.2,Crime against children,6.712328767123288
80,2014,Kochi,21.2,Crime against children,3.5377358490566038
81,2015,Kochi,21.2,Crime against children,3.5849056603773586
82,2016,Kochi,21.2,Crime against children,4.056603773584905
83,2017,Kochi,21.2,Crime against children,6.5094339622641515
84,2018,Kochi,21.2,Crime against children,6.556603773584906
85,2019,Kochi,21.2,Crime against children,8.30188679245283
86,2020,Kochi,21.2,Crime against children,5.943396226415095
87,2021,Kochi,21.2,Crime against children,6.5094339622641515
88,2014,Kolkata,141.1,Crime against children,2.4946846208362863
89,2015,Kolkata,141.1,Crime against children,2.700212615166549
90,2016,Kolkata,141.1,Crime against children,2.246633593196315
91,2017,Kolkata,141.1,Crime against children,4.557051736357193
92,2018,Kolkata,141.1,Crime against children,4.068036853295535
93,2019,Kolkata,141.1,Crime against children,1.9985825655563432
94,2020,Kolkata,141.1,Crime against children,3.4443656980864636
95,2021,Kolkata,141.1,Crime against children,3.5223245924875974
96,2014,Kozhikode,20.3,Crime against children,3.3497536945812807
97,2015,Kozhikode,20.3,Crime against children,4.334975369458128
98,2016,Kozhikode,20.3,Crime against children,4.532019704433497
99,2017,Kozhikode,20.3,Crime against children,6.502463054187192
100,2018,Kozhikode,20.3,Crime against children,7.733990147783251
101,2019,Kozhikode,20.3,Crime against children,9.80295566502463
102,2020,Kozhikode,20.3,Crime against children,6.748768472906404
103,2021,Kozhikode,20.3,Crime against children,7.980295566502463
104,2014,Lucknow,29.0,Crime against children,5.0344827586206895
105,2015,Lucknow,29.0,Crime against children,4.827586206896552
106,2016,Lucknow,29.0,Crime against children,32.96551724137931
107,2017,Lucknow,29.0,Crime against children,23.20689655172414
108,2018,Lucknow,29.0,Crime against children,24.344827586206897
109,2019,Lucknow,29.0,Crime against children,10.689655172413794
110,2020,Lucknow,29.0,Crime against children,20.82758620689655
111,2021,Lucknow,29.0,Crime against children,21.82758620689655
112,2014,Mumbai,184.1,Crime against children,7.908745247148289
113,2015,Mumbai,184.1,Crime against children,17.311243889190656
114,2016,Mumbai,184.1,Crime against children,18.46822379141771
115,2017,Mumbai,184.1,Crime against children,20.586637696903857
116,2018,Mumbai,184.1,Crime against children,19.071156979902227
117,2019,Mumbai,184.1,Crime against children,19.771863117870723
118,2020,Mumbai,184.1,Crime against children,12.210755024443237
119,2021,Mumbai,184.1,Crime against children,15.002715915263444
120,2014,Nagpur,25.0,Crime against children,16.44
121,2015,Nagpur,25.0,Crime against children,27.72
122,2016,Nagpur,25.0,Crime against children,27.72
123,2017,Nagpur,25.0,Crime against children,29.0
124,2018,Nagpur,25.0,Crime against children,27.96
125,2019,Nagpur,25.0,Crime against children,31.72
126,2020,Nagpur,25.0,Crime against children,23.28
127,2021,Nagpur,25.0,Crime against children,37.44
128,2014,Patna,20.5,Crime against children,7.560975609756097
129,2015,Patna,20.5,Crime against children,9.317073170731707
130,2016,Patna,20.5,Crime against children,18.4390243902439
131,2017,Patna,20.5,Crime against children,4.097560975609756
132,2018,Patna,20.5,Crime against children,4.975609756097561
133,2019,Patna,20.5,Crime against children,12.439024390243903
134,2020,Patna,20.5,Crime against children,6.195121951219512
135,2021,Patna,20.5,Crime against children,6.682926829268292
136,2014,Pune,50.5,Crime against children,8.653465346534654
137,2015,Pune,50.5,Crime against children,21.683168316831683
138,2016,Pune,50.5,Crime against children,23.366336633663366
139,2017,Pune,50.5,Crime against children,26.435643564356436
140,2018,Pune,50.5,Crime against children,17.366336633663366
141,2019,Pune,50.5,Crime against children,18.77227722772277
142,2020,Pune,50.5,Crime against children,13.168316831683168
143,2021,Pune,50.5,Crime against children,16.534653465346533
144,2014,Surat,45.8,Crime against children,8.68995633187773
145,2015,Surat,45.8,Crime against children,8.580786026200874
146,2016,Surat,45.8,Crime against children,9.06113537117904
147,2017,Surat,45.8,Crime against children,11.484716157205241
148,2018,Surat,45.8,Crime against children,23.471615720524017
149,2019,Surat,45.8,Crime against children,16.81222707423581
150,2020,Surat,45.8,Crime against children,9.148471615720524
151,2021,Surat,45.8,Crime against children,10.458515283842795
0,2014,Ahmedabad,63.5,Crime Committed by Juveniles,3.3858267716535435
1,2015,Ahmedabad,63.5,Crime Committed by Juveniles,2.47244094488189
2,2016,Ahmedabad,63.5,Crime Committed by Juveniles,4.062992125984252
3,2017,Ahmedabad,63.5,Crime Committed by Juveniles,6.377952755905512
4,2018,Ahmedabad,63.5,Crime Committed by Juveniles,5.543307086614173
5,2019,Ahmedabad,63.5,Crime Committed by Juveniles,4.692913385826771
6,2020,Ahmedabad,63.5,Crime Committed by Juveniles,7.606299212598425
7,2021,Ahmedabad,63.5,Crime Committed by Juveniles,6.078740157480315
8,2014,Bengaluru,85.0,Crime Committed by Juveniles,1.2588235294117647
9,2015,Bengaluru,85.0,Crime Committed by Juveniles,1.5058823529411764
10,2016,Bengaluru,85.0,Crime Committed by Juveniles,2.411764705882353
11,2017,Bengaluru,85.0,Crime Committed by Juveniles,2.5294117647058822
12,2018,Bengaluru,85.0,Crime Committed by Juveniles,2.5764705882352943
13,2019,Bengaluru,85.0,Crime Committed by Juveniles,1.9058823529411764
14,2020,Bengaluru,85.0,Crime Committed by Juveniles,2.011764705882353
15,2021,Bengaluru,85.0,Crime Committed by Juveniles,2.0823529411764707
16,2014,Chennai,87.0,Crime Committed by Juveniles,3.0229885057471266
17,2015,Chennai,87.0,Crime Committed by Juveniles,3.103448275862069
18,2016,Chennai,87.0,Crime Committed by Juveniles,4.494252873563219
19,2017,Chennai,87.0,Crime Committed by Juveniles,6.586206896551724
20,2018,Chennai,87.0,Crime Committed by Juveniles,5.7701149425287355
21,2019,Chennai,87.0,Crime Committed by Juveniles,7.436781609195402
22,2020,Chennai,87.0,Crime Committed by Juveniles,8.885057471264368
23,2021,Chennai,87.0,Crime Committed by Juveniles,5.7011494252873565
24,2014,Coimbatore,21.5,Crime Committed by Juveniles,0.09302325581395349
25,2015,Coimbatore,21.5,Crime Committed by Juveniles,2.511627906976744
26,2016,Coimbatore,21.5,Crime Committed by Juveniles,0.8837209302325582
27,2017,Coimbatore,21.5,Crime Committed by Juveniles,1.5813953488372092
28,2018,Coimbatore,21.5,Crime Committed by Juveniles,2.883720930232558
29,2019,Coimbatore,21.5,Crime Committed by Juveniles,1.3953488372093024
30,2020,Coimbatore,21.5,Crime Committed by Juveniles,1.255813953488372
31,2021,Coimbatore,21.5,Crime Committed by Juveniles,0.8837209302325582
32,2014,Delhi,163.1,Crime Committed by Juveniles,10.245248313917843
33,2015,Delhi,163.1,Crime Committed by Juveniles,12.145922746781116
34,2016,Delhi,163.1,Crime Committed by Juveniles,14.518700183936236
35,2017,Delhi,163.1,Crime Committed by Juveniles,16.413243408951566
36,2018,Delhi,163.1,Crime Committed by Juveniles,14.641324340895157
37,2019,Delhi,163.1,Crime Committed by Juveniles,16.922133660331085
38,2020,Delhi,163.1,Crime Committed by Juveniles,14.935622317596566
39,2021,Delhi,163.1,Crime Committed by Juveniles,16.051502145922747
40,2014,Ghaziabad,23.6,Crime Committed by Juveniles,1.059322033898305
41,2015,Ghaziabad,23.6,Crime Committed by Juveniles,0.635593220338983
42,2016,Ghaziabad,23.6,Crime Committed by Juveniles,0.2966101694915254
43,2017,Ghaziabad,23.6,Crime Committed by Juveniles,0.847457627118644
44,2018,Ghaziabad,23.6,Crime Committed by Juveniles,0.0
45,2019,Ghaziabad,23.6,Crime Committed by Juveniles,0.0
46,2020,Ghaziabad,23.6,Crime Committed by Juveniles,0.0
47,2021,Ghaziabad,23.6,Crime Committed by Juveniles,0.0
48,2014,Hyderabad,77.5,Crime Committed by Juveniles,2.7870967741935484
49,2015,Hyderabad,77.5,Crime Committed by Juveniles,1.2258064516129032
50,2016,Hyderabad,77.5,Crime Committed by Juveniles,1.5612903225806452
51,2017,Hyderabad,77.5,Crime Committed by Juveniles,3.1483870967741936
52,2018,Hyderabad,77.5,Crime Committed by Juveniles,4.683870967741935
53,2019,Hyderabad,77.5,Crime Committed by Juveniles,4.516129032258065
54,2020,Hyderabad,77.5,Crime Committed by Juveniles,2.2193548387096773
55,2021,Hyderabad,77.5,Crime Committed by Juveniles,2.541935483870968
56,2014,Indore,21.7,Crime Committed by Juveniles,16.22119815668203
57,2015,Indore,21.7,Crime Committed by Juveniles,23.27188940092166
58,2016,Indore,21.7,Crime Committed by Juveniles,18.617511520737327
59,2017,Indore,21.7,Crime Committed by Juveniles,13.824884792626728
60,2018,Indore,21.7,Crime Committed by Juveniles,16.95852534562212
61,2019,Indore,21.7,Crime Committed by Juveniles,16.359447004608295
62,2020,Indore,21.7,Crime Committed by Juveniles,12.949308755760368
63,2021,Indore,21.7,Crime Committed by Juveniles,9.539170506912443
64,2014,Jaipur,30.7,Crime Committed by Juveniles,11.661237785016286
65,2015,Jaipur,30.7,Crime Committed by Juveniles,8.794788273615636
66,2016,Jaipur,30.7,Crime Committed by Juveniles,8.306188925081434
67,2017,Jaipur,30.7,Crime Committed by Juveniles,8.892508143322475
68,2018,Jaipur,30.7,Crime Committed by Juveniles,10.032573289902281
69,2019,Jaipur,30.7,Crime Committed by Juveniles,10.814332247557003
70,2020,Jaipur,30.7,Crime Committed by Juveniles,6.384364820846906
71,2021,Jaipur,30.7,Crime Committed by Juveniles,7.2312703583061895
72,2014,Kanpur,29.2,Crime Committed by Juveniles,4.486301369863014
73,2015,Kanpur,29.2,Crime Committed by Juveniles,0.273972602739726
74,2016,Kanpur,29.2,Crime Committed by Juveniles,0.4794520547945206
75,2017,Kanpur,29.2,Crime Committed by Juveniles,0.3082191780821918
76,2018,Kanpur,29.2,Crime Committed by Juveniles,0.3082191780821918
77,2019,Kanpur,29.2,Crime Committed by Juveniles,0.3424657534246575
78,2020,Kanpur,29.2,Crime Committed by Juveniles,0.5136986301369864
79,2021,Kanpur,29.2,Crime Committed by Juveniles,0.4109589041095891
80,2014,Kochi,21.2,Crime Committed by Juveniles,1.650943396226415
81,2015,Kochi,21.2,Crime Committed by Juveniles,1.9811320754716981
82,2016,Kochi,21.2,Crime Committed by Juveniles,2.7358490566037736
83,2017,Kochi,21.2,Crime Committed by Juveniles,2.452830188679245
84,2018,Kochi,21.2,Crime Committed by Juveniles,0.5660377358490566
85,2019,Kochi,21.2,Crime Committed by Juveniles,0.4716981132075472
86,2020,Kochi,21.2,Crime Committed by Juveniles,0.9433962264150944
87,2021,Kochi,21.2,Crime Committed by Juveniles,1.0377358490566038
88,2014,Kolkata,141.1,Crime Committed by Juveniles,0.4677533664068037
89,2015,Kolkata,141.1,Crime Committed by Juveniles,0.36853295535081504
90,2016,Kolkata,141.1,Crime Committed by Juveniles,0.1346562721474132
91,2017,Kolkata,141.1,Crime Committed by Juveniles,0.24805102763997167
92,2018,Kolkata,141.1,Crime Committed by Juveniles,0.1630049610205528
93,2019,Kolkata,141.1,Crime Committed by Juveniles,0.2551381998582566
94,2020,Kolkata,141.1,Crime Committed by Juveniles,0.6874557051736357
95,2021,Kolkata,141.1,Crime Committed by Juveniles,0.17717930545712263
96,2014,Kozhikode,20.3,Crime Committed by Juveniles,2.3645320197044333
97,2015,Kozhikode,20.3,Crime Committed by Juveniles,3.842364532019704
98,2016,Kozhikode,20.3,Crime Committed by Juveniles,3.0541871921182264
99,2017,Kozhikode,20.3,Crime Committed by Juveniles,1.8719211822660098
100,2018,Kozhikode,20.3,Crime Committed by Juveniles,1.2807881773399015
101,2019,Kozhikode,20.3,Crime Committed by Juveniles,1.083743842364532
102,2020,Kozhikode,20.3,Crime Committed by Juveniles,0.3940886699507389
103,2021,Kozhikode,20.3,Crime Committed by Juveniles,1.083743842364532
104,2014,Lucknow,29.0,Crime Committed by Juveniles,0.0
105,2015,Lucknow,29.0,Crime Committed by Juveniles,0.7586206896551724
106,2016,Lucknow,29.0,Crime Committed by Juveniles,1.4137931034482758
107,2017,Lucknow,29.0,Crime Committed by Juveniles,0.5862068965517241
108,2018,Lucknow,29.0,Crime Committed by Juveniles,3.3448275862068964
109,2019,Lucknow,29.0,Crime Committed by Juveniles,2.1724137931034484
110,2020,Lucknow,29.0,Crime Committed by Juveniles,4.137931034482759
111,2021,Lucknow,29.0,Crime Committed by Juveniles,3.103448275862069
112,2014,Mumbai,184.1,Crime Committed by Juveniles,5.029875067897882
113,2015,Mumbai,184.1,Crime Committed by Juveniles,5.095057034220533
114,2016,Mumbai,184.1,Crime Committed by Juveniles,5.138511678435633
115,2017,Mumbai,184.1,Crime Committed by Juveniles,4.964693101575231
116,2018,Mumbai,184.1,Crime Committed by Juveniles,4.687669744703966
117,2019,Mumbai,184.1,Crime Committed by Juveniles,3.3188484519283
118,2020,Mumbai,184.1,Crime Committed by Juveniles,1.8033677349266704
119,2021,Mumbai,184.1,Crime Committed by Juveniles,1.8033677349266704
120,2014,Nagpur,25.0,Crime Committed by Juveniles,9.56
121,2015,Nagpur,25.0,Crime Committed by Juveniles,11.0
122,2016,Nagpur,25.0,Crime Committed by Juveniles,16.16
123,2017,Nagpur,25.0,Crime Committed by Juveniles,19.52
124,2018,Nagpur,25.0,Crime Committed by Juveniles,12.2
125,2019,Nagpur,25.0,Crime Committed by Juveniles,14.76
126,2020,Nagpur,25.0,Crime Committed by Juveniles,10.96
127,2021,Nagpur,25.0,Crime Committed by Juveniles,14.04
128,2014,Patna,20.5,Crime Committed by Juveniles,6.097560975609756
129,2015,Patna,20.5,Crime Committed by Juveniles,6.975609756097561
130,2016,Patna,20.5,Crime Committed by Juveniles,5.219512195121951
131,2017,Patna,20.5,Crime Committed by Juveniles,7.853658536585366
132,2018,Patna,20.5,Crime Committed by Juveniles,0.43902439024390244
133,2019,Patna,20.5,Crime Committed by Juveniles,0.7317073170731707
134,2020,Patna,20.5,Crime Committed by Juveniles,1.3658536585365855
135,2021,Patna,20.5,Crime Committed by Juveniles,0.43902439024390244
136,2014,Pune,50.5,Crime Committed by Juveniles,8.653465346534654
137,2015,Pune,50.5,Crime Committed by Juveniles,12.891089108910892
138,2016,Pune,50.5,Crime Committed by Juveniles,14.831683168316832
139,2017,Pune,50.5,Crime Committed by Juveniles,14.158415841584159
140,2018,Pune,50.5,Crime Committed by Juveniles,9.564356435643564
141,2019,Pune,50.5,Crime Committed by Juveniles,5.920792079207921
142,2020,Pune,50.5,Crime Committed by Juveniles,4.811881188118812
143,2021,Pune,50.5,Crime Committed by Juveniles,5.702970297029703
144,2014,Surat,45.8,Crime Committed by Juveniles,6.157205240174673
145,2015,Surat,45.8,Crime Committed by Juveniles,5.764192139737991
146,2016,Surat,45.8,Crime Committed by Juveniles,4.737991266375547
147,2017,Surat,45.8,Crime Committed by Juveniles,9.519650655021834
148,2018,Surat,45.8,Crime Committed by Juveniles,8.930131004366812
149,2019,Surat,45.8,Crime Committed by Juveniles,11.26637554585153
150,2020,Surat,45.8,Crime Committed by Juveniles,6.506550218340612
151,2021,Surat,45.8,Crime Committed by Juveniles,7.751091703056769
0,2014,Ahmedabad,63.5,Crime against Senior Citizen,1.0708661417322836
1,2015,Ahmedabad,63.5,Crime against Senior Citizen,0.2677165354330709
2,2016,Ahmedabad,63.5,Crime against Senior Citizen,5.700787401574803
3,2017,Ahmedabad,63.5,Crime against Senior Citizen,8.409448818897637
4,2018,Ahmedabad,63.5,Crime against Senior Citizen,11.543307086614174
5,2019,Ahmedabad,63.5,Crime against Senior Citizen,12.503937007874017
6,2020,Ahmedabad,63.5,Crime against Senior Citizen,11.165354330708661
7,2021,Ahmedabad,63.5,Crime against Senior Citizen,3.84251968503937
8,2014,Bengaluru,85.0,Crime against Senior Citizen,1.0470588235294118
9,2015,Bengaluru,85.0,Crime against Senior Citizen,1.1764705882352942
10,2016,Bengaluru,85.0,Crime against Senior Citizen,1.8352941176470587
11,2017,Bengaluru,85.0,Crime against Senior Citizen,2.164705882352941
12,2018,Bengaluru,85.0,Crime against Senior Citizen,3.164705882352941
13,2019,Bengaluru,85.0,Crime against Senior Citizen,2.458823529411765
14,2020,Bengaluru,85.0,Crime against Senior Citizen,2.4705882352941178
15,2021,Bengaluru,85.0,Crime against Senior Citizen,2.788235294117647
16,2014,Chennai,87.0,Crime against Senior Citizen,2.5402298850574714
17,2015,Chennai,87.0,Crime against Senior Citizen,2.3333333333333335
18,2016,Chennai,87.0,Crime against Senior Citizen,2.413793103448276
19,2017,Chennai,87.0,Crime against Senior Citizen,5.563218390804598
20,2018,Chennai,87.0,Crime against Senior Citizen,5.689655172413793
21,2019,Chennai,87.0,Crime against Senior Citizen,6.344827586206897
22,2020,Chennai,87.0,Crime against Senior Citizen,3.689655172413793
23,2021,Chennai,87.0,Crime against Senior Citizen,4.862068965517241
24,2014,Coimbatore,21.5,Crime against Senior Citizen,0.6046511627906976
25,2015,Coimbatore,21.5,Crime against Senior Citizen,2.4186046511627906
26,2016,Coimbatore,21.5,Crime against Senior Citizen,10.837209302325581
27,2017,Coimbatore,21.5,Crime against Senior Citizen,5.255813953488372
28,2018,Coimbatore,21.5,Crime against Senior Citizen,4.651162790697675
29,2019,Coimbatore,21.5,Crime against Senior Citizen,3.0697674418604652
30,2020,Coimbatore,21.5,Crime against Senior Citizen,1.4883720930232558
31,2021,Coimbatore,21.5,Crime against Senior Citizen,2.0930232558139537
32,2014,Delhi,163.1,Crime against Senior Citizen,5.36480686695279
33,2015,Delhi,163.1,Crime against Senior Citizen,7.210300429184549
34,2016,Delhi,163.1,Crime against Senior Citizen,3.9362354383813614
35,2017,Delhi,163.1,Crime against Senior Citizen,4.512568976088289
36,2018,Delhi,163.1,Crime against Senior Citizen,4.721030042918455
37,2019,Delhi,163.1,Crime against Senior Citizen,6.597179644389945
38,2020,Delhi,163.1,Crime against Senior Citizen,5.554874310239117
39,2021,Delhi,163.1,Crime against Senior Citizen,7.148988350705089
40,2014,Ghaziabad,23.6,Crime against Senior Citizen,0.2966101694915254
41,2015,Ghaziabad,23.6,Crime against Senior Citizen,0.1694915254237288
42,2016,Ghaziabad,23.6,Crime against Senior Citizen,0.0
43,2017,Ghaziabad,23.6,Crime against Senior Citizen,0.0423728813559322
44,2018,Ghaziabad,23.6,Crime against Senior Citizen,0.0423728813559322
45,2019,Ghaziabad,23.6,Crime against Senior Citizen,0.0
46,2020,Ghaziabad,23.6,Crime against Senior Citizen,0.0
47,2021,Ghaziabad,23.6,Crime against Senior Citizen,0.0
48,2014,Hyderabad,77.5,Crime against Senior Citizen,1.0580645161290323
49,2015,Hyderabad,77.5,Crime against Senior Citizen,0.6193548387096774
50,2016,Hyderabad,77.5,Crime against Senior Citizen,0.5161290322580645
51,2017,Hyderabad,77.5,Crime against Senior Citizen,0.18064516129032257
52,2018,Hyderabad,77.5,Crime against Senior Citizen,0.3741935483870968
53,2019,Hyderabad,77.5,Crime against Senior Citizen,2.490322580645161
54,2020,Hyderabad,77.5,Crime against Senior Citizen,2.193548387096774
55,2021,Hyderabad,77.5,Crime against Senior Citizen,4.051612903225807
56,2014,Indore,21.7,Crime against Senior Citizen,3.4101382488479266
57,2015,Indore,21.7,Crime against Senior Citizen,3.087557603686636
58,2016,Indore,21.7,Crime against Senior Citizen,2.672811059907834
59,2017,Indore,21.7,Crime against Senior Citizen,3.1797235023041477
60,2018,Indore,21.7,Crime against Senior Citizen,5.253456221198157
61,2019,Indore,21.7,Crime against Senior Citizen,4.6082949308755765
62,2020,Indore,21.7,Crime against Senior Citizen,4.377880184331797
63,2021,Indore,21.7,Crime against Senior Citizen,5.714285714285714
64,2014,Jaipur,30.7,Crime against Senior Citizen,3.811074918566775
65,2015,Jaipur,30.7,Crime against Senior Citizen,3.8436482084690553
66,2016,Jaipur,30.7,Crime against Senior Citizen,3.5179153094462543
67,2017,Jaipur,30.7,Crime against Senior Citizen,0.8469055374592834
68,2018,Jaipur,30.7,Crime against Senior Citizen,0.5537459283387622
69,2019,Jaipur,30.7,Crime against Senior Citizen,0.7817589576547231
70,2020,Jaipur,30.7,Crime against Senior Citizen,5.114006514657981
71,2021,Jaipur,30.7,Crime against Senior Citizen,4.006514657980456
72,2014,Kanpur,29.2,Crime against Senior Citizen,0.0
73,2015,Kanpur,29.2,Crime against Senior Citizen,0.0
74,2016,Kanpur,29.2,Crime against Senior Citizen,0.0
75,2017,Kanpur,29.2,Crime against Senior Citizen,0.0
76,2018,Kanpur,29.2,Crime against Senior Citizen,0.0
77,2019,Kanpur,29.2,Crime against Senior Citizen,0.0
78,2020,Kanpur,29.2,Crime against Senior Citizen,0.0
79,2021,Kanpur,29.2,Crime against Senior Citizen,0.0
80,2014,Kochi,21.2,Crime against Senior Citizen,0.14150943396226415
81,2015,Kochi,21.2,Crime against Senior Citizen,0.42452830188679247
82,2016,Kochi,21.2,Crime against Senior Citizen,0.6132075471698113
83,2017,Kochi,21.2,Crime against Senior Citizen,1.2735849056603774
84,2018,Kochi,21.2,Crime against Senior Citizen,1.6037735849056605
85,2019,Kochi,21.2,Crime against Senior Citizen,0.5188679245283019
86,2020,Kochi,21.2,Crime against Senior Citizen,3.160377358490566
87,2021,Kochi,21.2,Crime against Senior Citizen,1.3207547169811322
88,2014,Kolkata,141.1,Crime against Senior Citizen,0.11339475549255848
89,2015,Kolkata,141.1,Crime against Senior Citizen,0.1630049610205528
90,2016,Kolkata,141.1,Crime against Senior Citizen,0.18426647767540752
91,2017,Kolkata,141.1,Crime against Senior Citizen,0.2551381998582566
92,2018,Kolkata,141.1,Crime against Senior Citizen,0.3118355776045358
93,2019,Kolkata,141.1,Crime against Senior Citizen,0.09922041105598867
94,2020,Kolkata,141.1,Crime against Senior Citizen,0.14174344436569808
95,2021,Kolkata,141.1,Crime against Senior Citizen,0.01417434443656981
96,2014,Kozhikode,20.3,Crime against Senior Citizen,0.9852216748768473
97,2015,Kozhikode,20.3,Crime against Senior Citizen,0.9852216748768473
98,2016,Kozhikode,20.3,Crime against Senior Citizen,0.7389162561576355
99,2017,Kozhikode,20.3,Crime against Senior Citizen,0.44334975369458124
100,2018,Kozhikode,20.3,Crime against Senior Citizen,1.8226600985221675
101,2019,Kozhikode,20.3,Crime against Senior Citizen,1.3300492610837438
102,2020,Kozhikode,20.3,Crime against Senior Citizen,5.566502463054187
103,2021,Kozhikode,20.3,Crime against Senior Citizen,2.610837438423645
104,2014,Lucknow,29.0,Crime against Senior Citizen,0.1724137931034483
105,2015,Lucknow,29.0,Crime against Senior Citizen,0.06896551724137931
106,2016,Lucknow,29.0,Crime against Senior Citizen,0.5172413793103449
107,2017,Lucknow,29.0,Crime against Senior Citizen,0.5517241379310345
108,2018,Lucknow,29.0,Crime against Senior Citizen,0.2413793103448276
109,2019,Lucknow,29.0,Crime against Senior Citizen,0.27586206896551724
110,2020,Lucknow,29.0,Crime against Senior Citizen,1.5862068965517242
111,2021,Lucknow,29.0,Crime against Senior Citizen,1.793103448275862
112,2014,Mumbai,184.1,Crime against Senior Citizen,5.1276480173818575
113,2015,Mumbai,184.1,Crime against Senior Citizen,6.089082020640956
114,2016,Mumbai,184.1,Crime against Senior Citizen,6.61596958174905
115,2017,Mumbai,184.1,Crime against Senior Citizen,6.056491037479631
116,2018,Mumbai,184.1,Crime against Senior Citizen,5.665399239543726
117,2019,Mumbai,184.1,Crime against Senior Citizen,6.686583378598588
118,2020,Mumbai,184.1,Crime against Senior Citizen,4.584464964693102
119,2021,Mumbai,184.1,Crime against Senior Citizen,5.361216730038023
120,2014,Nagpur,25.0,Crime against Senior Citizen,4.8
121,2015,Nagpur,25.0,Crime against Senior Citizen,7.08
122,2016,Nagpur,25.0,Crime against Senior Citizen,7.64
123,2017,Nagpur,25.0,Crime against Senior Citizen,4.84
124,2018,Nagpur,25.0,Crime against Senior Citizen,8.28
125,2019,Nagpur,25.0,Crime against Senior Citizen,4.24
126,2020,Nagpur,25.0,Crime against Senior Citizen,5.88
127,2021,Nagpur,25.0,Crime against Senior Citizen,10.0
128,2014,Patna,20.5,Crime against Senior Citizen,0.1951219512195122
129,2015,Patna,20.5,Crime against Senior Citizen,0.0
130,2016,Patna,20.5,Crime against Senior Citizen,0.0
131,2017,Patna,20.5,Crime against Senior Citizen,0.34146341463414637
132,2018,Patna,20.5,Crime against Senior Citizen,0.0
133,2019,Patna,20.5,Crime against Senior Citizen,0.0
134,2020,Patna,20.5,Crime against Senior Citizen,0.0
135,2021,Patna,20.5,Crime against Senior Citizen,0.0
136,2014,Pune,50.5,Crime against Senior Citizen,5.287128712871287
137,2015,Pune,50.5,Crime against Senior Citizen,3.1683168316831685
138,2016,Pune,50.5,Crime against Senior Citizen,3.742574257425743
139,2017,Pune,50.5,Crime against Senior Citizen,3.5247524752475248
140,2018,Pune,50.5,Crime against Senior Citizen,3.3465346534653464
141,2019,Pune,50.5,Crime against Senior Citizen,4.435643564356436
142,2020,Pune,50.5,Crime against Senior Citizen,2.4356435643564356
143,2021,Pune,50.5,Crime against Senior Citizen,2.9702970297029703
144,2014,Surat,45.8,Crime against Senior Citizen,2.4890829694323147
145,2015,Surat,45.8,Crime against Senior Citizen,3.4716157205240177
146,2016,Surat,45.8,Crime against Senior Citizen,2.4017467248908297
147,2017,Surat,45.8,Crime against Senior Citizen,2.8602620087336246
148,2018,Surat,45.8,Crime against Senior Citizen,3.51528384279476
149,2019,Surat,45.8,Crime against Senior Citizen,5.065502183406114
150,2020,Surat,45.8,Crime against Senior Citizen,1.5065502183406114
151,2021,Surat,45.8,Crime against Senior Citizen,1.4410480349344978
0,2014,Ahmedabad,63.5,Crime against SC,1.0393700787401574
1,2015,Ahmedabad,63.5,Crime against SC,0.9448818897637795
2,2016,Ahmedabad,63.5,Crime against SC,1.5118110236220472
3,2017,Ahmedabad,63.5,Crime against SC,1.874015748031496
4,2018,Ahmedabad,63.5,Crime against SC,2.283464566929134
5,2019,Ahmedabad,63.5,Crime against SC,2.5354330708661417
6,2020,Ahmedabad,63.5,Crime against SC,2.141732283464567
7,2021,Ahmedabad,63.5,Crime against SC,2.645669291338583
8,2014,Bengaluru,85.0,Crime against SC,1.8705882352941177
9,2015,Bengaluru,85.0,Crime against SC,1.6470588235294117
10,2016,Bengaluru,85.0,Crime against SC,2.4352941176470586
11,2017,Bengaluru,85.0,Crime against SC,2.458823529411765
12,2018,Bengaluru,85.0,Crime against SC,1.6588235294117648
13,2019,Bengaluru,85.0,Crime against SC,1.9529411764705882
14,2020,Bengaluru,85.0,Crime against SC,1.5647058823529412
15,2021,Bengaluru,85.0,Crime against SC,1.9529411764705882
16,2014,Chennai,87.0,Crime against SC,0.1839080459770115
17,2015,Chennai,87.0,Crime against SC,0.14942528735632185
18,2016,Chennai,87.0,Crime against SC,0.11494252873563218
19,2017,Chennai,87.0,Crime against SC,0.16091954022988506
20,2018,Chennai,87.0,Crime against SC,0.05747126436781609
21,2019,Chennai,87.0,Crime against SC,0.09195402298850575
22,2020,Chennai,87.0,Crime against SC,0.13793103448275862
23,2021,Chennai,87.0,Crime against SC,0.26436781609195403
24,2014,Coimbatore,21.5,Crime against SC,0.4186046511627907
25,2015,Coimbatore,21.5,Crime against SC,0.13953488372093023
26,2016,Coimbatore,21.5,Crime against SC,0.13953488372093023
27,2017,Coimbatore,21.5,Crime against SC,0.046511627906976744
28,2018,Coimbatore,21.5,Crime against SC,0.046511627906976744
29,2019,Coimbatore,21.5,Crime against SC,0.0
30,2020,Coimbatore,21.5,Crime against SC,0.13953488372093023
31,2021,Coimbatore,21.5,Crime against SC,0.8372093023255814
32,2014,Delhi,163.1,Crime against SC,0.4291845493562232
33,2015,Delhi,163.1,Crime against SC,0.2023298589822195
34,2016,Delhi,163.1,Crime against SC,0.2820355610055181
35,2017,Delhi,163.1,Crime against SC,0.20846106683016555
36,2018,Delhi,163.1,Crime against SC,0.15941140404659718
37,2019,Delhi,163.1,Crime against SC,0.42305334150827717
38,2020,Delhi,163.1,Crime against SC,0.404659717964439
39,2021,Delhi,163.1,Crime against SC,0.797057020232986
40,2014,Ghaziabad,23.6,Crime against SC,1.6101694915254237
41,2015,Ghaziabad,23.6,Crime against SC,1.6525423728813557
42,2016,Ghaziabad,23.6,Crime against SC,2.711864406779661
43,2017,Ghaziabad,23.6,Crime against SC,1.694915254237288
44,2018,Ghaziabad,23.6,Crime against SC,1.7372881355932202
45,2019,Ghaziabad,23.6,Crime against SC,1.7796610169491525
46,2020,Ghaziabad,23.6,Crime against SC,0.9322033898305084
47,2021,Ghaziabad,23.6,Crime against SC,1.7796610169491525
48,2014,Hyderabad,77.5,Crime against SC,2.064516129032258
49,2015,Hyderabad,77.5,Crime against SC,1.4967741935483871
50,2016,Hyderabad,77.5,Crime against SC,1.793548387096774
51,2017,Hyderabad,77.5,Crime against SC,1.0064516129032257
52,2018,Hyderabad,77.5,Crime against SC,1.5870967741935484
53,2019,Hyderabad,77.5,Crime against SC,1.5096774193548388
54,2020,Hyderabad,77.5,Crime against SC,1.6387096774193548
55,2021,Hyderabad,77.5,Crime against SC,1.3419354838709678
56,2014,Indore,21.7,Crime against SC,2.7649769585253456
57,2015,Indore,21.7,Crime against SC,2.5345622119815667
58,2016,Indore,21.7,Crime against SC,1.6589861751152075
59,2017,Indore,21.7,Crime against SC,1.6129032258064517
60,2018,Indore,21.7,Crime against SC,1.7511520737327189
61,2019,Indore,21.7,Crime against SC,1.566820276497696
62,2020,Indore,21.7,Crime against SC,1.8433179723502304
63,2021,Indore,21.7,Crime against SC,2.3963133640553
64,2014,Jaipur,30.7,Crime against SC,9.674267100977199
65,2015,Jaipur,30.7,Crime against SC,9.674267100977199
66,2016,Jaipur,30.7,Crime against SC,7.133550488599349
67,2017,Jaipur,30.7,Crime against SC,2.736156351791531
68,2018,Jaipur,30.7,Crime against SC,5.863192182410423
69,2019,Jaipur,30.7,Crime against SC,11.172638436482085
70,2020,Jaipur,30.7,Crime against SC,7.6547231270358305
71,2021,Jaipur,30.7,Crime against SC,11.758957654723128
72,2014,Kanpur,29.2,Crime against SC,5.0
73,2015,Kanpur,29.2,Crime against SC,3.219178082191781
74,2016,Kanpur,29.2,Crime against SC,3.664383561643836
75,2017,Kanpur,29.2,Crime against SC,4.691780821917808
76,2018,Kanpur,29.2,Crime against SC,4.691780821917808
77,2019,Kanpur,29.2,Crime against SC,5.787671232876712
78,2020,Kanpur,29.2,Crime against SC,5.582191780821918
79,2021,Kanpur,29.2,Crime against SC,5.6506849315068495
80,2014,Kochi,21.2,Crime against SC,1.2264150943396226
81,2015,Kochi,21.2,Crime against SC,0.9433962264150944
82,2016,Kochi,21.2,Crime against SC,1.650943396226415
83,2017,Kochi,21.2,Crime against SC,0.9905660377358491
84,2018,Kochi,21.2,Crime against SC,0.9433962264150944
85,2019,Kochi,21.2,Crime against SC,0.7547169811320755
86,2020,Kochi,21.2,Crime against SC,0.8962264150943396
87,2021,Kochi,21.2,Crime against SC,0.6132075471698113
88,2014,Kolkata,141.1,Crime against SC,0.06378454996456415
89,2015,Kolkata,141.1,Crime against SC,0.07087172218284904
90,2016,Kolkata,141.1,Crime against SC,0.06378454996456415
91,2017,Kolkata,141.1,Crime against SC,0.09922041105598867
92,2018,Kolkata,141.1,Crime against SC,0.09922041105598867
93,2019,Kolkata,141.1,Crime against SC,0.07795889440113395
94,2020,Kolkata,141.1,Crime against SC,0.1275690999291283
95,2021,Kolkata,141.1,Crime against SC,0.1275690999291283
96,2014,Kozhikode,20.3,Crime against SC,0.8866995073891625
97,2015,Kozhikode,20.3,Crime against SC,1.2807881773399015
98,2016,Kozhikode,20.3,Crime against SC,1.4285714285714286
99,2017,Kozhikode,20.3,Crime against SC,1.5270935960591132
100,2018,Kozhikode,20.3,Crime against SC,1.2807881773399015
101,2019,Kozhikode,20.3,Crime against SC,1.1822660098522166
102,2020,Kozhikode,20.3,Crime against SC,0.9852216748768473
103,2021,Kozhikode,20.3,Crime against SC,1.5270935960591132
104,2014,Lucknow,29.0,Crime against SC,2.103448275862069
105,2015,Lucknow,29.0,Crime against SC,5.0344827586206895
106,2016,Lucknow,29.0,Crime against SC,9.03448275862069
107,2017,Lucknow,29.0,Crime against SC,10.310344827586206
108,2018,Lucknow,29.0,Crime against SC,7.896551724137931
109,2019,Lucknow,29.0,Crime against SC,8.068965517241379
110,2020,Lucknow,29.0,Crime against SC,10.172413793103448
111,2021,Lucknow,29.0,Crime against SC,9.241379310344827
112,2014,Mumbai,184.1,Crime against SC,0.19011406844106465
113,2015,Mumbai,184.1,Crime against SC,0.1846822379141771
114,2016,Mumbai,184.1,Crime against SC,0.16295491580662683
115,2017,Mumbai,184.1,Crime against SC,0.1683867463335144
116,2018,Mumbai,184.1,Crime against SC,0.17925040738728953
117,2019,Mumbai,184.1,Crime against SC,0.2498642042368278
118,2020,Mumbai,184.1,Crime against SC,0.19554589896795221
119,2021,Mumbai,184.1,Crime against SC,0.2552960347637154
120,2014,Nagpur,25.0,Crime against SC,1.32
121,2015,Nagpur,25.0,Crime against SC,1.08
122,2016,Nagpur,25.0,Crime against SC,1.16
123,2017,Nagpur,25.0,Crime against SC,0.84
124,2018,Nagpur,25.0,Crime against SC,0.96
125,2019,Nagpur,25.0,Crime against SC,1.92
126,2020,Nagpur,25.0,Crime against SC,1.68
127,2021,Nagpur,25.0,Crime against SC,1.4
128,2014,Patna,20.5,Crime against SC,12.146341463414634
129,2015,Patna,20.5,Crime against SC,15.658536585365853
130,2016,Patna,20.5,Crime against SC,11.75609756097561
131,2017,Patna,20.5,Crime against SC,10.097560975609756
132,2018,Patna,20.5,Crime against SC,4.7317073170731705
133,2019,Patna,20.5,Crime against SC,5.317073170731708
134,2020,Patna,20.5,Crime against SC,3.4634146341463414
135,2021,Patna,20.5,Crime against SC,3.2195121951219514
136,2014,Pune,50.5,Crime against SC,1.0891089108910892
137,2015,Pune,50.5,Crime against SC,0.37623762376237624
138,2016,Pune,50.5,Crime against SC,0.8118811881188119
139,2017,Pune,50.5,Crime against SC,0.5544554455445545
140,2018,Pune,50.5,Crime against SC,0.6138613861386139
141,2019,Pune,50.5,Crime against SC,0.7128712871287128
142,2020,Pune,50.5,Crime against SC,0.5346534653465347
143,2021,Pune,50.5,Crime against SC,0.6336633663366337
144,2014,Surat,45.8,Crime against SC,0.13100436681222707
145,2015,Surat,45.8,Crime against SC,0.24017467248908297
146,2016,Surat,45.8,Crime against SC,0.4148471615720524
147,2017,Surat,45.8,Crime against SC,0.6986899563318778
148,2018,Surat,45.8,Crime against SC,0.6331877729257642
149,2019,Surat,45.8,Crime against SC,0.7423580786026202
150,2020,Surat,45.8,Crime against SC,0.4366812227074236
151,2021,Surat,45.8,Crime against SC,0.48034934497816595
0,2014,Ahmedabad,63.5,Crime against ST,0.09448818897637795
1,2015,Ahmedabad,63.5,Crime against ST,0.14173228346456693
2,2016,Ahmedabad,63.5,Crime against ST,0.15748031496062992
3,2017,Ahmedabad,63.5,Crime against ST,0.09448818897637795
4,2018,Ahmedabad,63.5,Crime against ST,0.14173228346456693
5,2019,Ahmedabad,63.5,Crime against ST,0.15748031496062992
6,2020,Ahmedabad,63.5,Crime against ST,0.14173228346456693
7,2021,Ahmedabad,63.5,Crime against ST,0.2677165354330709
8,2014,Bengaluru,85.0,Crime against ST,0.09411764705882353
9,2015,Bengaluru,85.0,Crime against ST,0.10588235294117647
10,2016,Bengaluru,85.0,Crime against ST,0.11764705882352941
11,2017,Bengaluru,85.0,Crime against ST,0.10588235294117647
12,2018,Bengaluru,85.0,Crime against ST,0.16470588235294117
13,2019,Bengaluru,85.0,Crime against ST,0.1411764705882353
14,2020,Bengaluru,85.0,Crime against ST,0.15294117647058825
15,2021,Bengaluru,85.0,Crime against ST,0.1411764705882353
16,2014,Chennai,87.0,Crime against ST,0.0
17,2015,Chennai,87.0,Crime against ST,0.0
18,2016,Chennai,87.0,Crime against ST,0.0
19,2017,Chennai,87.0,Crime against ST,0.0
20,2018,Chennai,87.0,Crime against ST,0.011494252873563218
21,2019,Chennai,87.0,Crime against ST,0.0
22,2020,Chennai,87.0,Crime against ST,0.0
23,2021,Chennai,87.0,Crime against ST,0.0
24,2014,Coimbatore,21.5,Crime against ST,0.0
25,2015,Coimbatore,21.5,Crime against ST,0.0
26,2016,Coimbatore,21.5,Crime against ST,0.0
27,2017,Coimbatore,21.5,Crime against ST,0.0
28,2018,Coimbatore,21.5,Crime against ST,0.0
29,2019,Coimbatore,21.5,Crime against ST,0.0
30,2020,Coimbatore,21.5,Crime against ST,0.0
31,2021,Coimbatore,21.5,Crime against ST,0.0
32,2014,Delhi,163.1,Crime against ST,0.012262415695892091
33,2015,Delhi,163.1,Crime against ST,0.024524831391784182
34,2016,Delhi,163.1,Crime against ST,0.012262415695892091
35,2017,Delhi,163.1,Crime against ST,0.024524831391784182
36,2018,Delhi,163.1,Crime against ST,0.0
37,2019,Delhi,163.1,Crime against ST,0.012262415695892091
38,2020,Delhi,163.1,Crime against ST,0.0061312078479460455
39,2021,Delhi,163.1,Crime against ST,0.030656039239730228
40,2014,Ghaziabad,23.6,Crime against ST,0.0
41,2015,Ghaziabad,23.6,Crime against ST,0.0
42,2016,Ghaziabad,23.6,Crime against ST,0.0
43,2017,Ghaziabad,23.6,Crime against ST,0.0
44,2018,Ghaziabad,23.6,Crime against ST,0.0
45,2019,Ghaziabad,23.6,Crime against ST,0.0
46,2020,Ghaziabad,23.6,Crime against ST,0.0
47,2021,Ghaziabad,23.6,Crime against ST,0.0
48,2014,Hyderabad,77.5,Crime against ST,0.24516129032258063
49,2015,Hyderabad,77.5,Crime against ST,0.2709677419354839
50,2016,Hyderabad,77.5,Crime against ST,0.2709677419354839
51,2017,Hyderabad,77.5,Crime against ST,0.23225806451612904
52,2018,Hyderabad,77.5,Crime against ST,0.3225806451612903
53,2019,Hyderabad,77.5,Crime against ST,0.2064516129032258
54,2020,Hyderabad,77.5,Crime against ST,0.33548387096774196
55,2021,Hyderabad,77.5,Crime against ST,0.36129032258064514
56,2014,Indore,21.7,Crime against ST,0.3686635944700461
57,2015,Indore,21.7,Crime against ST,0.3225806451612903
58,2016,Indore,21.7,Crime against ST,0.2764976958525346
59,2017,Indore,21.7,Crime against ST,0.3225806451612903
60,2018,Indore,21.7,Crime against ST,0.3225806451612903
61,2019,Indore,21.7,Crime against ST,0.4147465437788019
62,2020,Indore,21.7,Crime against ST,0.5529953917050692
63,2021,Indore,21.7,Crime against ST,0.599078341013825
64,2014,Jaipur,30.7,Crime against ST,2.1172638436482085
65,2015,Jaipur,30.7,Crime against ST,2.768729641693811
66,2016,Jaipur,30.7,Crime against ST,2.8664495114006514
67,2017,Jaipur,30.7,Crime against ST,1.498371335504886
68,2018,Jaipur,30.7,Crime against ST,2.47557003257329
69,2019,Jaipur,30.7,Crime against ST,5.472312703583062
70,2020,Jaipur,30.7,Crime against ST,4.364820846905538
71,2021,Jaipur,30.7,Crime against ST,5.048859934853421
72,2014,Kanpur,29.2,Crime against ST,0.0
73,2015,Kanpur,29.2,Crime against ST,0.0
74,2016,Kanpur,29.2,Crime against ST,0.0
75,2017,Kanpur,29.2,Crime against ST,0.0
76,2018,Kanpur,29.2,Crime against ST,0.0
77,2019,Kanpur,29.2,Crime against ST,0.0
78,2020,Kanpur,29.2,Crime against ST,0.0
79,2021,Kanpur,29.2,Crime against ST,0.0
80,2014,Kochi,21.2,Crime against ST,0.09433962264150944
81,2015,Kochi,21.2,Crime against ST,0.04716981132075472
82,2016,Kochi,21.2,Crime against ST,0.09433962264150944
83,2017,Kochi,21.2,Crime against ST,0.0
84,2018,Kochi,21.2,Crime against ST,0.0
85,2019,Kochi,21.2,Crime against ST,0.09433962264150944
86,2020,Kochi,21.2,Crime against ST,0.09433962264150944
87,2021,Kochi,21.2,Crime against ST,0.09433962264150944
88,2014,Kolkata,141.1,Crime against ST,0.0
89,2015,Kolkata,141.1,Crime against ST,0.01417434443656981
90,2016,Kolkata,141.1,Crime against ST,0.01417434443656981
91,2017,Kolkata,141.1,Crime against ST,0.0
92,2018,Kolkata,141.1,Crime against ST,0.021261516654854713
93,2019,Kolkata,141.1,Crime against ST,0.03543586109142452
94,2020,Kolkata,141.1,Crime against ST,0.01417434443656981
95,2021,Kolkata,141.1,Crime against ST,0.0
96,2014,Kozhikode,20.3,Crime against ST,0.04926108374384236
97,2015,Kozhikode,20.3,Crime against ST,0.0
98,2016,Kozhikode,20.3,Crime against ST,0.0
99,2017,Kozhikode,20.3,Crime against ST,0.0
100,2018,Kozhikode,20.3,Crime against ST,0.04926108374384236
101,2019,Kozhikode,20.3,Crime against ST,0.0
102,2020,Kozhikode,20.3,Crime against ST,0.0
103,2021,Kozhikode,20.3,Crime against ST,0.04926108374384236
104,2014,Lucknow,29.0,Crime against ST,0.0
105,2015,Lucknow,29.0,Crime against ST,0.0
106,2016,Lucknow,29.0,Crime against ST,0.0
107,2017,Lucknow,29.0,Crime against ST,0.0
108,2018,Lucknow,29.0,Crime against ST,0.0
109,2019,Lucknow,29.0,Crime against ST,0.0
110,2020,Lucknow,29.0,Crime against ST,0.0
111,2021,Lucknow,29.0,Crime against ST,0.0
112,2014,Mumbai,184.1,Crime against ST,0.021727322107550247
113,2015,Mumbai,184.1,Crime against ST,0.010863661053775123
114,2016,Mumbai,184.1,Crime against ST,0.016295491580662683
115,2017,Mumbai,184.1,Crime against ST,0.016295491580662683
116,2018,Mumbai,184.1,Crime against ST,0.0
117,2019,Mumbai,184.1,Crime against ST,0.03802281368821293
118,2020,Mumbai,184.1,Crime against ST,0.03259098316132537
119,2021,Mumbai,184.1,Crime against ST,0.016295491580662683
120,2014,Nagpur,25.0,Crime against ST,0.24
121,2015,Nagpur,25.0,Crime against ST,0.16
122,2016,Nagpur,25.0,Crime against ST,0.2
123,2017,Nagpur,25.0,Crime against ST,0.28
124,2018,Nagpur,25.0,Crime against ST,0.0
125,2019,Nagpur,25.0,Crime against ST,0.32
126,2020,Nagpur,25.0,Crime against ST,0.12
127,2021,Nagpur,25.0,Crime against ST,0.28
128,2014,Patna,20.5,Crime against ST,0.0
129,2015,Patna,20.5,Crime against ST,0.0
130,2016,Patna,20.5,Crime against ST,0.0
131,2017,Patna,20.5,Crime against ST,0.0
132,2018,Patna,20.5,Crime against ST,0.0
133,2019,Patna,20.5,Crime against ST,0.0
134,2020,Patna,20.5,Crime against ST,0.0
135,2021,Patna,20.5,Crime against ST,0.0
136,2014,Pune,50.5,Crime against ST,0.0
137,2015,Pune,50.5,Crime against ST,0.019801980198019802
138,2016,Pune,50.5,Crime against ST,0.019801980198019802
139,2017,Pune,50.5,Crime against ST,0.019801980198019802
140,2018,Pune,50.5,Crime against ST,0.019801980198019802
141,2019,Pune,50.5,Crime against ST,0.0
142,2020,Pune,50.5,Crime against ST,0.019801980198019802
143,2021,Pune,50.5,Crime against ST,0.039603960396039604
144,2014,Surat,45.8,Crime against ST,0.24017467248908297
145,2015,Surat,45.8,Crime against ST,0.17467248908296945
146,2016,Surat,45.8,Crime against ST,0.19650655021834063
147,2017,Surat,45.8,Crime against ST,0.2183406113537118
148,2018,Surat,45.8,Crime against ST,0.2838427947598253
149,2019,Surat,45.8,Crime against ST,0.4148471615720524
150,2020,Surat,45.8,Crime against ST,0.26200873362445415
151,2021,Surat,45.8,Crime against ST,0.4148471615720524
0,2014,Ahmedabad,63.5,Economic Offences,6.283464566929134
1,2015,Ahmedabad,63.5,Economic Offences,5.952755905511811
2,2016,Ahmedabad,63.5,Economic Offences,7.543307086614173
3,2017,Ahmedabad,63.5,Economic Offences,9.5748031496063
4,2018,Ahmedabad,63.5,Economic Offences,13.259842519685039
5,2019,Ahmedabad,63.5,Economic Offences,13.543307086614174
6,2020,Ahmedabad,63.5,Economic Offences,11.559055118110237
7,2021,Ahmedabad,63.5,Economic Offences,12.047244094488189
8,2014,Bengaluru,85.0,Economic Offences,37.92941176470588
9,2015,Bengaluru,85.0,Economic Offences,41.4
10,2016,Bengaluru,85.0,Economic Offences,41.23529411764706
11,2017,Bengaluru,85.0,Economic Offences,40.741176470588236
12,2018,Bengaluru,85.0,Economic Offences,38.129411764705885
13,2019,Bengaluru,85.0,Economic Offences,33.529411764705884
14,2020,Bengaluru,85.0,Economic Offences,24.529411764705884
15,2021,Bengaluru,85.0,Economic Offences,31.941176470588236
16,2014,Chennai,87.0,Economic Offences,8.045977011494253
17,2015,Chennai,87.0,Economic Offences,6.413793103448276
18,2016,Chennai,87.0,Economic Offences,4.896551724137931
19,2017,Chennai,87.0,Economic Offences,7.620689655172414
20,2018,Chennai,87.0,Economic Offences,12.068965517241379
21,2019,Chennai,87.0,Economic Offences,9.32183908045977
22,2020,Chennai,87.0,Economic Offences,8.0
23,2021,Chennai,87.0,Economic Offences,9.655172413793103
24,2014,Coimbatore,21.5,Economic Offences,8.744186046511627
25,2015,Coimbatore,21.5,Economic Offences,7.953488372093023
26,2016,Coimbatore,21.5,Economic Offences,5.488372093023256
27,2017,Coimbatore,21.5,Economic Offences,6.744186046511628
28,2018,Coimbatore,21.5,Economic Offences,4.930232558139535
29,2019,Coimbatore,21.5,Economic Offences,5.023255813953488
30,2020,Coimbatore,21.5,Economic Offences,4.27906976744186
31,2021,Coimbatore,21.5,Economic Offences,8.465116279069768
32,2014,Delhi,163.1,Economic Offences,31.50214592274678
33,2015,Delhi,163.1,Economic Offences,39.21520539546291
34,2016,Delhi,163.1,Economic Offences,36.4316370324954
35,2017,Delhi,163.1,Economic Offences,29.478847332924587
36,2018,Delhi,163.1,Economic Offences,27.400367872470877
37,2019,Delhi,163.1,Economic Offences,29.5340282035561
38,2020,Delhi,163.1,Economic Offences,27.253218884120173
39,2021,Delhi,163.1,Economic Offences,31.281422440220723
40,2014,Ghaziabad,23.6,Economic Offences,19.279661016949152
41,2015,Ghaziabad,23.6,Economic Offences,18.347457627118644
42,2016,Ghaziabad,23.6,Economic Offences,18.601694915254235
43,2017,Ghaziabad,23.6,Economic Offences,20.04237288135593
44,2018,Ghaziabad,23.6,Economic Offences,23.389830508474574
45,2019,Ghaziabad,23.6,Economic Offences,16.01694915254237
46,2020,Ghaziabad,23.6,Economic Offences,24.025423728813557
47,2021,Ghaziabad,23.6,Economic Offences,25.21186440677966
48,2014,Hyderabad,77.5,Economic Offences,35.27741935483871
49,2015,Hyderabad,77.5,Economic Offences,30.01290322580645
50,2016,Hyderabad,77.5,Economic Offences,28.89032258064516
51,2017,Hyderabad,77.5,Economic Offences,26.283870967741937
52,2018,Hyderabad,77.5,Economic Offences,23.070967741935483
53,2019,Hyderabad,77.5,Economic Offences,24.451612903225808
54,2020,Hyderabad,77.5,Economic Offences,44.21935483870968
55,2021,Hyderabad,77.5,Economic Offences,62.70967741935484
56,2014,Indore,21.7,Economic Offences,10.967741935483872
57,2015,Indore,21.7,Economic Offences,9.44700460829493
58,2016,Indore,21.7,Economic Offences,14.700460829493087
59,2017,Indore,21.7,Economic Offences,12.165898617511521
60,2018,Indore,21.7,Economic Offences,12.350230414746544
61,2019,Indore,21.7,Economic Offences,20.921658986175117
62,2020,Indore,21.7,Economic Offences,12.580645161290324
63,2021,Indore,21.7,Economic Offences,18.202764976958527
64,2014,Jaipur,30.7,Economic Offences,161.59609120521174
65,2015,Jaipur,30.7,Economic Offences,182.83387622149837
66,2016,Jaipur,30.7,Economic Offences,154.46254071661238
67,2017,Jaipur,30.7,Economic Offences,140.6514657980456
68,2018,Jaipur,30.7,Economic Offences,142.83387622149837
69,2019,Jaipur,30.7,Economic Offences,198.92508143322476
70,2020,Jaipur,30.7,Economic Offences,104.78827361563518
71,2021,Jaipur,30.7,Economic Offences,139.25081433224756
72,2014,Kanpur,29.2,Economic Offences,16.027397260273972
73,2015,Kanpur,29.2,Economic Offences,14.657534246575343
74,2016,Kanpur,29.2,Economic Offences,18.86986301369863
75,2017,Kanpur,29.2,Economic Offences,26.198630136986303
76,2018,Kanpur,29.2,Economic Offences,26.198630136986303
77,2019,Kanpur,29.2,Economic Offences,14.965753424657535
78,2020,Kanpur,29.2,Economic Offences,9.623287671232877
79,2021,Kanpur,29.2,Economic Offences,14.82876712328767
80,2014,Kochi,21.2,Economic Offences,36.22641509433962
81,2015,Kochi,21.2,Economic Offences,28.20754716981132
82,2016,Kochi,21.2,Economic Offences,27.21698113207547
83,2017,Kochi,21.2,Economic Offences,17.78301886792453
84,2018,Kochi,21.2,Economic Offences,21.745283018867926
85,2019,Kochi,21.2,Economic Offences,22.12264150943396
86,2020,Kochi,21.2,Economic Offences,22.68867924528302
87,2021,Kochi,21.2,Economic Offences,20.471698113207548
88,2014,Kolkata,141.1,Economic Offences,16.13040396881644
89,2015,Kolkata,141.1,Economic Offences,15.386250885896528
90,2016,Kolkata,141.1,Economic Offences,15.27285613040397
91,2017,Kolkata,141.1,Economic Offences,15.57760453579022
92,2018,Kolkata,141.1,Economic Offences,19.340892983699504
93,2019,Kolkata,141.1,Economic Offences,16.491849751948973
94,2020,Kolkata,141.1,Economic Offences,12.87739192062367
95,2021,Kolkata,141.1,Economic Offences,14.720056697377746
96,2014,Kozhikode,20.3,Economic Offences,15.02463054187192
97,2015,Kozhikode,20.3,Economic Offences,12.955665024630541
98,2016,Kozhikode,20.3,Economic Offences,6.995073891625616
99,2017,Kozhikode,20.3,Economic Offences,8.226600985221674
100,2018,Kozhikode,20.3,Economic Offences,6.600985221674876
101,2019,Kozhikode,20.3,Economic Offences,8.571428571428571
102,2020,Kozhikode,20.3,Economic Offences,14.778325123152708
103,2021,Kozhikode,20.3,Economic Offences,15.320197044334975
104,2014,Lucknow,29.0,Economic Offences,46.58620689655172
105,2015,Lucknow,29.0,Economic Offences,42.13793103448276
106,2016,Lucknow,29.0,Economic Offences,54.62068965517241
107,2017,Lucknow,29.0,Economic Offences,65.03448275862068
108,2018,Lucknow,29.0,Economic Offences,86.34482758620689
109,2019,Lucknow,29.0,Economic Offences,103.82758620689656
110,2020,Lucknow,29.0,Economic Offences,76.6896551724138
111,2021,Lucknow,29.0,Economic Offences,118.62068965517241
112,2014,Mumbai,184.1,Economic Offences,23.2753938077132
113,2015,Mumbai,184.1,Economic Offences,24.454101032047802
114,2016,Mumbai,184.1,Economic Offences,22.76480173818577
115,2017,Mumbai,184.1,Economic Offences,24.236827810972297
116,2018,Mumbai,184.1,Economic Offences,26.089082020640955
117,2019,Mumbai,184.1,Economic Offences,30.17925040738729
118,2020,Mumbai,184.1,Economic Offences,21.330798479087452
119,2021,Mumbai,184.1,Economic Offences,30.80391091797936
120,2014,Nagpur,25.0,Economic Offences,18.04
121,2015,Nagpur,25.0,Economic Offences,18.56
122,2016,Nagpur,25.0,Economic Offences,18.72
123,2017,Nagpur,25.0,Economic Offences,20.36
124,2018,Nagpur,25.0,Economic Offences,21.36
125,2019,Nagpur,25.0,Economic Offences,18.08
126,2020,Nagpur,25.0,Economic Offences,20.24
127,2021,Nagpur,25.0,Economic Offences,21.64
128,2014,Patna,20.5,Economic Offences,56.73170731707317
129,2015,Patna,20.5,Economic Offences,78.4390243902439
130,2016,Patna,20.5,Economic Offences,63.02439024390244
131,2017,Patna,20.5,Economic Offences,7.609756097560975
132,2018,Patna,20.5,Economic Offences,61.65853658536585
133,2019,Patna,20.5,Economic Offences,74.8780487804878
134,2020,Patna,20.5,Economic Offences,49.609756097560975
135,2021,Patna,20.5,Economic Offences,57.609756097560975
136,2014,Pune,50.5,Economic Offences,17.06930693069307
137,2015,Pune,50.5,Economic Offences,17.96039603960396
138,2016,Pune,50.5,Economic Offences,21.96039603960396
139,2017,Pune,50.5,Economic Offences,20.712871287128714
140,2018,Pune,50.5,Economic Offences,15.386138613861386
141,2019,Pune,50.5,Economic Offences,18.495049504950494
142,2020,Pune,50.5,Economic Offences,9.504950495049505
143,2021,Pune,50.5,Economic Offences,13.96039603960396
144,2014,Surat,45.8,Economic Offences,8.296943231441048
145,2015,Surat,45.8,Economic Offences,9.192139737991267
146,2016,Surat,45.8,Economic Offences,9.956331877729259
147,2017,Surat,45.8,Economic Offences,15.69868995633188
148,2018,Surat,45.8,Economic Offences,18.100436681222707
149,2019,Surat,45.8,Economic Offences,17.554585152838428
150,2020,Surat,45.8,Economic Offences,8.755458515283843
151,2021,Surat,45.8,Economic Offences,14.475982532751093
0,2014,Ahmedabad,63.5,Cyber Crimes,0.5039370078740157
1,2015,Ahmedabad,63.5,Cyber Crimes,0.4409448818897638
2,2016,Ahmedabad,63.5,Cyber Crimes,1.2125984251968505
3,2017,Ahmedabad,63.5,Cyber Crimes,1.763779527559055
4,2018,Ahmedabad,63.5,Cyber Crimes,3.338582677165354
5,2019,Ahmedabad,63.5,Cyber Crimes,2.6929133858267718
6,2020,Ahmedabad,63.5,Cyber Crimes,6.6299212598425195
7,2021,Ahmedabad,63.5,Cyber Crimes,7.039370078740157
8,2014,Bengaluru,85.0,Cyber Crimes,7.9411764705882355
9,2015,Bengaluru,85.0,Cyber Crimes,12.258823529411766
10,2016,Bengaluru,85.0,Cyber Crimes,8.964705882352941
11,2017,Bengaluru,85.0,Cyber Crimes,32.27058823529412
12,2018,Bengaluru,85.0,Cyber Crimes,61.8
13,2019,Bengaluru,85.0,Cyber Crimes,124.17647058823529
14,2020,Bengaluru,85.0,Cyber Crimes,104.61176470588235
15,2021,Bengaluru,85.0,Cyber Crimes,75.56470588235294
16,2014,Chennai,87.0,Cyber Crimes,0.39080459770114945
17,2015,Chennai,87.0,Cyber Crimes,0.3333333333333333
18,2016,Chennai,87.0,Cyber Crimes,0.2988505747126437
19,2017,Chennai,87.0,Cyber Crimes,0.5977011494252874
20,2018,Chennai,87.0,Cyber Crimes,0.8390804597701149
21,2019,Chennai,87.0,Cyber Crimes,1.3563218390804597
22,2020,Chennai,87.0,Cyber Crimes,2.1379310344827585
23,2021,Chennai,87.0,Cyber Crimes,0.8735632183908046
24,2014,Coimbatore,21.5,Cyber Crimes,0.9302325581395349
25,2015,Coimbatore,21.5,Cyber Crimes,0.9302325581395349
26,2016,Coimbatore,21.5,Cyber Crimes,0.8372093023255814
27,2017,Coimbatore,21.5,Cyber Crimes,0.8837209302325582
28,2018,Coimbatore,21.5,Cyber Crimes,0.6976744186046512
29,2019,Coimbatore,21.5,Cyber Crimes,0.37209302325581395
30,2020,Coimbatore,21.5,Cyber Crimes,0.18604651162790697
31,2021,Coimbatore,21.5,Cyber Crimes,2.046511627906977
32,2014,Delhi,163.1,Cyber Crimes,1.3733905579399142
33,2015,Delhi,163.1,Cyber Crimes,1.0361741263028816
34,2016,Delhi,163.1,Cyber Crimes,0.5518087063151441
35,2017,Delhi,163.1,Cyber Crimes,0.8767627222562845
36,2018,Delhi,163.1,Cyber Crimes,0.9993868792152054
37,2019,Delhi,163.1,Cyber Crimes,0.6560392397302269
38,2020,Delhi,163.1,Cyber Crimes,1.0177805027590436
39,2021,Delhi,163.1,Cyber Crimes,2.1152667075413856
40,2014,Ghaziabad,23.6,Cyber Crimes,2.584745762711864
41,2015,Ghaziabad,23.6,Cyber Crimes,1.059322033898305
42,2016,Ghaziabad,23.6,Cyber Crimes,2.6271186440677963
43,2017,Ghaziabad,23.6,Cyber Crimes,5.0
44,2018,Ghaziabad,23.6,Cyber Crimes,8.09322033898305
45,2019,Ghaziabad,23.6,Cyber Crimes,14.703389830508474
46,2020,Ghaziabad,23.6,Cyber Crimes,32.03389830508474
47,2021,Ghaziabad,23.6,Cyber Crimes,19.110169491525422
48,2014,Hyderabad,77.5,Cyber Crimes,4.980645161290322
49,2015,Hyderabad,77.5,Cyber Crimes,4.7612903225806456
50,2016,Hyderabad,77.5,Cyber Crimes,3.7548387096774194
51,2017,Hyderabad,77.5,Cyber Crimes,4.232258064516129
52,2018,Hyderabad,77.5,Cyber Crimes,5.52258064516129
53,2019,Hyderabad,77.5,Cyber Crimes,17.793548387096774
54,2020,Hyderabad,77.5,Cyber Crimes,32.94193548387097
55,2021,Hyderabad,77.5,Cyber Crimes,42.619354838709675
56,2014,Indore,21.7,Cyber Crimes,2.903225806451613
57,2015,Indore,21.7,Cyber Crimes,2.9953917050691246
58,2016,Indore,21.7,Cyber Crimes,0.967741935483871
59,2017,Indore,21.7,Cyber Crimes,1.4746543778801844
60,2018,Indore,21.7,Cyber Crimes,1.7972350230414746
61,2019,Indore,21.7,Cyber Crimes,1.8894009216589862
62,2020,Indore,21.7,Cyber Crimes,2.119815668202765
63,2021,Indore,21.7,Cyber Crimes,1.7050691244239633
64,2014,Jaipur,30.7,Cyber Crimes,12.182410423452769
65,2015,Jaipur,30.7,Cyber Crimes,18.338762214983714
66,2016,Jaipur,30.7,Cyber Crimes,17.32899022801303
67,2017,Jaipur,30.7,Cyber Crimes,22.31270358306189
68,2018,Jaipur,30.7,Cyber Crimes,13.517915309446254
69,2019,Jaipur,30.7,Cyber Crimes,17.71986970684039
70,2020,Jaipur,30.7,Cyber Crimes,6.254071661237785
71,2021,Jaipur,30.7,Cyber Crimes,8.273615635179153
72,2014,Kanpur,29.2,Cyber Crimes,1.5068493150684932
73,2015,Kanpur,29.2,Cyber Crimes,11.575342465753424
74,2016,Kanpur,29.2,Cyber Crimes,4.657534246575342
75,2017,Kanpur,29.2,Cyber Crimes,7.842465753424658
76,2018,Kanpur,29.2,Cyber Crimes,7.842465753424658
77,2019,Kanpur,29.2,Cyber Crimes,12.5
78,2020,Kanpur,29.2,Cyber Crimes,10.273972602739727
79,2021,Kanpur,29.2,Cyber Crimes,15.376712328767123
80,2014,Kochi,21.2,Cyber Crimes,2.9716981132075473
81,2015,Kochi,21.2,Cyber Crimes,1.2264150943396226
82,2016,Kochi,21.2,Cyber Crimes,1.5566037735849056
83,2017,Kochi,21.2,Cyber Crimes,1.839622641509434
84,2018,Kochi,21.2,Cyber Crimes,2.2641509433962264
85,2019,Kochi,21.2,Cyber Crimes,2.0283018867924527
86,2020,Kochi,21.2,Cyber Crimes,2.9245283018867925
87,2021,Kochi,21.2,Cyber Crimes,2.9245283018867925
88,2014,Kolkata,141.1,Cyber Crimes,0.6945428773919207
89,2015,Kolkata,141.1,Cyber Crimes,0.7866761162296244
90,2016,Kolkata,141.1,Cyber Crimes,1.190644932671864
91,2017,Kolkata,141.1,Cyber Crimes,1.3890857547838413
92,2018,Kolkata,141.1,Cyber Crimes,0.22678951098511696
93,2019,Kolkata,141.1,Cyber Crimes,1.1339475549255846
94,2020,Kolkata,141.1,Cyber Crimes,1.2189936215450037
95,2021,Kolkata,141.1,Cyber Crimes,1.559177888022679
96,2014,Kozhikode,20.3,Cyber Crimes,1.0344827586206897
97,2015,Kozhikode,20.3,Cyber Crimes,0.49261083743842365
98,2016,Kozhikode,20.3,Cyber Crimes,0.7881773399014778
99,2017,Kozhikode,20.3,Cyber Crimes,0.5911330049261083
100,2018,Kozhikode,20.3,Cyber Crimes,1.3300492610837438
101,2019,Kozhikode,20.3,Cyber Crimes,0.7389162561576355
102,2020,Kozhikode,20.3,Cyber Crimes,0.5911330049261083
103,2021,Kozhikode,20.3,Cyber Crimes,1.8226600985221675
104,2014,Lucknow,29.0,Cyber Crimes,7.068965517241379
105,2015,Lucknow,29.0,Cyber Crimes,11.344827586206897
106,2016,Lucknow,29.0,Cyber Crimes,12.448275862068966
107,2017,Lucknow,29.0,Cyber Crimes,20.96551724137931
108,2018,Lucknow,29.0,Cyber Crimes,33.172413793103445
109,2019,Lucknow,29.0,Cyber Crimes,43.51724137931034
110,2020,Lucknow,29.0,Cyber Crimes,50.51724137931034
111,2021,Lucknow,29.0,Cyber Crimes,36.793103448275865
112,2014,Mumbai,184.1,Cyber Crimes,3.3025529603476373
113,2015,Mumbai,184.1,Cyber Crimes,5.317762085822922
114,2016,Mumbai,184.1,Cyber Crimes,5.32319391634981
115,2017,Mumbai,184.1,Cyber Crimes,7.398153177620858
116,2018,Mumbai,184.1,Cyber Crimes,8.049972840847365
117,2019,Mumbai,184.1,Cyber Crimes,13.726235741444867
118,2020,Mumbai,184.1,Cyber Crimes,13.215643671917437
119,2021,Mumbai,184.1,Cyber Crimes,15.65996740901684
120,2014,Nagpur,25.0,Cyber Crimes,2.16
121,2015,Nagpur,25.0,Cyber Crimes,4.08
122,2016,Nagpur,25.0,Cyber Crimes,3.88
123,2017,Nagpur,25.0,Cyber Crimes,3.24
124,2018,Nagpur,25.0,Cyber Crimes,4.24
125,2019,Nagpur,25.0,Cyber Crimes,4.76
126,2020,Nagpur,25.0,Cyber Crimes,9.72
127,2021,Nagpur,25.0,Cyber Crimes,7.68
128,2014,Patna,20.5,Cyber Crimes,4.097560975609756
129,2015,Patna,20.5,Cyber Crimes,9.121951219512194
130,2016,Patna,20.5,Cyber Crimes,8.146341463414634
131,2017,Patna,20.5,Cyber Crimes,3.8536585365853657
132,2018,Patna,20.5,Cyber Crimes,5.609756097560975
133,2019,Patna,20.5,Cyber Crimes,9.853658536585366
134,2020,Patna,20.5,Cyber Crimes,15.21951219512195
135,2021,Patna,20.5,Cyber Crimes,14.829268292682928
136,2014,Pune,50.5,Cyber Crimes,2.772277227722772
137,2015,Pune,50.5,Cyber Crimes,1.683168316831683
138,2016,Pune,50.5,Cyber Crimes,5.326732673267327
139,2017,Pune,50.5,Cyber Crimes,6.297029702970297
140,2018,Pune,50.5,Cyber Crimes,3.0297029702970297
141,2019,Pune,50.5,Cyber Crimes,6.118811881188119
142,2020,Pune,50.5,Cyber Crimes,4.712871287128713
143,2021,Pune,50.5,Cyber Crimes,4.455445544554456
144,2014,Surat,45.8,Cyber Crimes,1.7248908296943233
145,2015,Surat,45.8,Cyber Crimes,1.834061135371179
146,2016,Surat,45.8,Cyber Crimes,1.4410480349344978
147,2017,Surat,45.8,Cyber Crimes,2.292576419213974
148,2018,Surat,45.8,Cyber Crimes,3.3842794759825328
149,2019,Surat,45.8,Cyber Crimes,4.978165938864629
150,2020,Surat,45.8,Cyber Crimes,4.454148471615721
151,2021,Surat,45.8,Cyber Crimes,6.462882096069869
